sr_no,state,mp_name_raw,constituency,allocated_amount,house,state_key,elected_nominated,mp_name_clean,mp_key
1,Maharashtra,AASHTIKAR PATIL NAGESH BAPURAO,HINGOLI,190289442.0,LS,Maharashtra,,AASHTIKAR PATIL NAGESH BAPURAO,LS_AASHTIKAR PATIL NAGESH BAPURAO
2,Jammu And Kashmir,ABDUL RASHID SHEIKH,BARAMULLAH,147000000.0,LS,Jammu And Kashmir,,ABDUL RASHID SHEIKH,LS_ABDUL RASHID SHEIKH
3,Bihar,ABHAY KUMAR SINHA,AURANGABAD_BR,147000000.0,LS,Bihar,,ABHAY KUMAR SINHA,LS_ABHAY KUMAR SINHA
4,West Bengal,ABHIJIT GANGOPADHYAY,TAMLUK,147000000.0,LS,West Bengal,,ABHIJIT GANGOPADHYAY,LS_ABHIJIT GANGOPADHYAY
5,West Bengal,Abu Taher Khan,MURSHIDABAD,147000000.0,LS,West Bengal,,ABU TAHER KHAN,LS_ABU TAHER KHAN
6,West Bengal,ADHIKARI SOUMENDU,KANTHI,147000000.0,LS,West Bengal,,ADHIKARI SOUMENDU,LS_ADHIKARI SOUMENDU
7,Uttar Pradesh,ADITYA YADAV,BADAUN,147000000.0,LS,Uttar Pradesh,,ADITYA YADAV,LS_ADITYA YADAV
8,Kerala,Adv Adoor Prakash,ATTINGAL,147000000.0,LS,Kerala,,ADV ADOOR PRAKASH,LS_ADV ADOOR PRAKASH
9,Kerala,Adv Dean Kuriakose,IDUKKI,147000000.0,LS,Kerala,,ADV DEAN KURIAKOSE,LS_ADV DEAN KURIAKOSE
10,Maharashtra,ADV GOWAAL KAGADA PADAVI,NANDURBAR(ST),147816309.11,LS,Maharashtra,,ADV GOWAAL KAGADA PADAVI,LS_ADV GOWAAL KAGADA PADAVI
11,Kerala,ADV K FRANCIS GEORGE,KOTTAYAM,188722256.11,LS,Kerala,,ADV K FRANCIS GEORGE,LS_ADV K FRANCIS GEORGE
12,Uttar Pradesh,AFZAL ANSARI,GHAZIPUR,220500000.0,LS,Uttar Pradesh,,AFZAL ANSARI,LS_AFZAL ANSARI
13,Jammu And Kashmir,AGA SYED RUHULLAH MEHDI,SRINAGAR,147000000.0,LS,Jammu And Kashmir,,AGA SYED RUHULLAH MEHDI,LS_AGA SYED RUHULLAH MEHDI
14,Uttarakhand,Ajay Bhatt,NAINITAL UDHAM SINGH NAG.,147000000.0,LS,Uttarakhand,,AJAY BHATT,LS_AJAY BHATT
15,Bihar,Ajay Kumar Mandal,BHAGALPUR,147000000.0,LS,Bihar,,AJAY KUMAR MANDAL,LS_AJAY KUMAR MANDAL
16,Uttarakhand,Ajay Tamta,ALMORA(SC),147000000.0,LS,Uttarakhand,,AJAY TAMTA,LS_AJAY TAMTA
17,Uttar Pradesh,AJENDRA SINGH LODHI,HAMIRPUR_UP,147000000.0,LS,Uttar Pradesh,,AJENDRA SINGH LODHI,LS_AJENDRA SINGH LODHI
18,Uttar Pradesh,AKHILESH YADAV,KANNAUJ,147000000.0,LS,Uttar Pradesh,,AKHILESH YADAV,LS_AKHILESH YADAV
19,Uttar Pradesh,AKSHAYA YADAV,FIROZABAD,147000000.0,LS,Uttar Pradesh,,AKSHAYA YADAV,LS_AKSHAYA YADAV
20,Manipur,ALFRED KANNGAM S ARTHUR,OUTER MANIPUR(ST),147000000.0,LS,Manipur,,ALFRED KANNGAM S ARTHUR,LS_ALFRED KANNGAM S ARTHUR
21,Bihar,Alok Kumar Suman,GOPALGANJ (SC),147000000.0,LS,Bihar,,ALOK KUMAR SUMAN,LS_ALOK KUMAR SUMAN
22,Madhya Pradesh,ALOK SHARMA,BHOPAL,147000000.0,LS,Madhya Pradesh,,ALOK SHARMA,LS_ALOK SHARMA
23,Maharashtra,AMAR SHARADRAO KALE,WARDHA,147000000.0,LS,Maharashtra,,AMAR SHARADRAO KALE,LS_AMAR SHARADRAO KALE
24,Assam,AMARSING TISSO,Diphu (ST),147000000.0,LS,Assam,,AMARSING TISSO,LS_AMARSING TISSO
25,Andhra Pradesh,AMBICA G LAKSHMINARAYANA VALMIKI,ANANTAPUR,201899064.11,LS,Andhra Pradesh,,AMBICA G LAKSHMINARAYANA VALMIKI,LS_AMBICA G LAKSHMINARAYANA VALMIKI
26,Maharashtra,Amol Ramsing Kolhe,SHIRUR,147000000.0,LS,Maharashtra,,AMOL RAMSING KOLHE,LS_AMOL RAMSING KOLHE
27,Rajasthan,AMRARAM,SIKAR,165691544.11,LS,Rajasthan,,AMRARAM,LS_AMRARAM
28,Punjab,AMRINDER SINGH RAJA WARRING,LUDHIANA,147000000.0,LS,Punjab,,AMRINDER SINGH RAJA WARRING,LS_AMRINDER SINGH RAJA WARRING
29,Uttar Pradesh,ANAND BHADAURIYA,DHAURAHRA,147000000.0,LS,Uttar Pradesh,,ANAND BHADAURIYA,LS_ANAND BHADAURIYA
30,Uttar Pradesh,ANAND KUMAR,BAHRAICH(SC),147000000.0,LS,Uttar Pradesh,,ANAND KUMAR,LS_ANAND KUMAR
31,Odisha,ANANTA NAYAK,KEONJHAR(ST),147000000.0,LS,Odisha,,ANANTA NAYAK,LS_ANANTA NAYAK
32,Tamil Nadu,Andimuthu Raja,NILGIRIS(SC),147000000.0,LS,Tamil Nadu,,ANDIMUTHU RAJA,LS_ANDIMUTHU RAJA
33,Meghalaya,ANDREW J. SYNGKON,SHILLONG,98000000.0,LS,Meghalaya,,ANDREW J SYNGKON,LS_ANDREW J SYNGKON
34,Manipur,ANGOMCHA BIMOL AKOIJAM,INNER MANIPUR,147000000.0,LS,Manipur,,ANGOMCHA BIMOL AKOIJAM,LS_ANGOMCHA BIMOL AKOIJAM
35,Uttarakhand,ANIL BALUNI,GARHWAL,147000000.0,LS,Uttarakhand,,ANIL BALUNI,LS_ANIL BALUNI
36,Maharashtra,ANIL YESHWANT DESAI,MUMBAI SOUTH CENTRAL,147000000.0,LS,Maharashtra,,ANIL YESHWANT DESAI,LS_ANIL YESHWANT DESAI
37,Madhya Pradesh,ANITA NAGARSINGH CHOUHAN,RATLAM(ST),147000000.0,LS,Madhya Pradesh,,ANITA NAGARSINGH CHOUHAN,LS_ANITA NAGARSINGH CHOUHAN
38,Odisha,ANITA SUBHADARSHINI,ASKA,147000000.0,LS,Odisha,,ANITA SUBHADARSHINI,LS_ANITA SUBHADARSHINI
39,Jharkhand,Annpurna Devi,KODARMA,166665931.8,LS,Jharkhand,,ANNPURNA DEVI,LS_ANNPURNA DEVI
40,Uttar Pradesh,ANOOP PRADHAN BALMIKI,HATHRAS (SC),147000000.0,LS,Uttar Pradesh,,ANOOP PRADHAN BALMIKI,LS_ANOOP PRADHAN BALMIKI
41,Kerala,Anto Antony,PATHANAMTHITTA,147000000.0,LS,Kerala,,ANTO ANTONY,LS_ANTO ANTONY
42,Maharashtra,ANUP SANJAY DHOTRE,AKOLA,147000000.0,LS,Maharashtra,,ANUP SANJAY DHOTRE,LS_ANUP SANJAY DHOTRE
43,Uttar Pradesh,Anurag Sharma,JHANSI,147000000.0,LS,Uttar Pradesh,,ANURAG SHARMA,LS_ANURAG SHARMA
44,Himachal Pradesh,Anurag Singh Thakur,HAMIRPUR_HP,149570117.11,LS,Himachal Pradesh,,ANURAG SINGH THAKUR,LS_ANURAG SINGH THAKUR
45,Andhra Pradesh,Appalanaidu Kalisetti,VIZIANAGARAM,147000000.0,LS,Andhra Pradesh,,APPALANAIDU KALISETTI,LS_APPALANAIDU KALISETTI
46,Bihar,ARUN BHARTI,JAMUI(SC),194924621.11,LS,Bihar,,ARUN BHARTI,LS_ARUN BHARTI
47,Uttar Pradesh,ARUN GOVIL,MEERUT,147000000.0,LS,Uttar Pradesh,,ARUN GOVIL,LS_ARUN GOVIL
48,Tamil Nadu,ARUN NEHRU,PERAMBALUR,147000000.0,LS,Tamil Nadu,,ARUN NEHRU,LS_ARUN NEHRU
49,Telangana,ARUNA. D. K,MAHABUBNAGAR,147000000.0,LS,Telangana,,ARUNA D K,LS_ARUNA D K
50,West Bengal,ARUP CHAKRABORTY,BANKURA,147000000.0,LS,West Bengal,,ARUP CHAKRABORTY,LS_ARUP CHAKRABORTY
51,Telangana,Arvind Dharmapuri,NIZAMABAD,281396355.11,LS,Telangana,,ARVIND DHARMAPURI,LS_ARVIND DHARMAPURI
52,Maharashtra,Arvind Ganpat Sawant,MUMBAI SOUTH,147000000.0,LS,Maharashtra,,ARVIND GANPAT SAWANT,LS_ARVIND GANPAT SAWANT
53,Telangana,Asaduddin Owaisi,HYDERABAD,147000000.0,LS,Telangana,,ASADUDDIN OWAISI,LS_ASADUDDIN OWAISI
54,Madhya Pradesh,ASHISH DUBEY,JABALPUR,147000000.0,LS,Madhya Pradesh,,ASHISH DUBEY,LS_ASHISH DUBEY
55,Uttar Pradesh,Ashok Kumar Rawat,MISRIKH(SC),147000000.0,LS,Uttar Pradesh,,ASHOK KUMAR RAWAT,LS_ASHOK KUMAR RAWAT
56,Bihar,Ashok Kumar Yadav,MADHUBANI,147000000.0,LS,Bihar,,ASHOK KUMAR YADAV,LS_ASHOK KUMAR YADAV
57,West Bengal,Asit Kumar Mal,BOLPUR(SC),275694456.74,LS,West Bengal,,ASIT KUMAR MAL,LS_ASIT KUMAR MAL
58,Uttar Pradesh,ATUL GARG,GHAZIABAD,155336470.0,LS,Uttar Pradesh,,ATUL GARG,LS_ATUL GARG
59,Odisha,AVIMANYU SETHI,BHADRAK(SC),147000000.0,LS,Odisha,,AVIMANYU SETHI,LS_AVIMANYU SETHI
60,Uttar Pradesh,AWADHESH PRASAD,FAIZABAD,147000000.0,LS,Uttar Pradesh,,AWADHESH PRASAD,LS_AWADHESH PRASAD
61,West Bengal,AZAD KIRTI JHA,BARDHAMAN-DURGAPUR,179658399.98,LS,West Bengal,,AZAD KIRTI JHA,LS_AZAD KIRTI JHA
62,Andhra Pradesh,B K PARTHASARATHI,HINDUPUR,160491894.11,LS,Andhra Pradesh,,B K PARTHASARATHI,LS_B K PARTHASARATHI
63,Uttar Pradesh,BABU SINGH KUSHWAHA,JAUNPUR,147000000.0,LS,Uttar Pradesh,,BABU SINGH KUSHWAHA,LS_BABU SINGH KUSHWAHA
64,Maharashtra,BACHHAV SHOBHA DINESH,DHULE,147000000.0,LS,Maharashtra,,BACHHAV SHOBHA DINESH,LS_BACHHAV SHOBHA DINESH
65,West Bengal,BAG MITALI,ARAMBAG(SC),147000000.0,LS,West Bengal,,BAG MITALI,LS_BAG MITALI
66,Odisha,BAIJAYANT PANDA,KENDRAPARA,147000000.0,LS,Odisha,,BAIJAYANT PANDA,LS_BAIJAYANT PANDA
67,Maharashtra,BAJRANG MANOHAR SONWANE,BEED,165899107.19,LS,Maharashtra,,BAJRANG MANOHAR SONWANE,LS_BAJRANG MANOHAR SONWANE
68,Odisha,BALABHADRA MAJHI,NABARANGPUR(ST),147413962.11,LS,Odisha,,BALABHADRA MAJHI,LS_BALABHADRA MAJHI
69,Andhra Pradesh,Balashowry Vallabbhaneni,MACHILIPATNAM,147000000.0,LS,Andhra Pradesh,,BALASHOWRY VALLABBHANENI,LS_BALASHOWRY VALLABBHANENI
70,Telangana,BALRAM NAIK PORIKA,MAHABUBABAD,147000000.0,LS,Telangana,,BALRAM NAIK PORIKA,LS_BALRAM NAIK PORIKA
71,Maharashtra,BALWANT BASWANT WANKHADE,AMRAVATI(SC),198293678.0,LS,Maharashtra,,BALWANT BASWANT WANKHADE,LS_BALWANT BASWANT WANKHADE
72,Maharashtra,BALYA MAMA SURESH GOPINATH MHATRE,BHIWANDI,147000000.0,LS,Maharashtra,,BALYA MAMA SURESH GOPINATH MHATRE,LS_BALYA MAMA SURESH GOPINATH MHATRE
73,Delhi,Bansuri Swaraj,NEW DELHI,154306950.0,LS,Delhi,,BANSURI SWARAJ,LS_BANSURI SWARAJ
74,West Bengal,BAPI HALDAR,MATHURAPUR(SC),147000000.0,LS,West Bengal,,BAPI HALDAR,LS_BAPI HALDAR
75,Karnataka,BASAVARAJ BOMMAI,HAVERI,147000000.0,LS,Karnataka,,BASAVARAJ BOMMAI,LS_BASAVARAJ BOMMAI
76,Andhra Pradesh,BASTIPATI NAGARAJU PANCHALINGALA,KURNOOL,159998515.11,LS,Andhra Pradesh,,BASTIPATI NAGARAJU PANCHALINGALA,LS_BASTIPATI NAGARAJU PANCHALINGALA
77,Rajasthan,Bhagirath Chaudhary,AJMER,147000000.0,LS,Rajasthan,,BHAGIRATH CHAUDHARY,LS_BHAGIRATH CHAUDHARY
78,Rajasthan,BHAJAN LAL JATAV,KARAULI-DHOLPUR(SC),147000000.0,LS,Rajasthan,,BHAJAN LAL JATAV,LS_BHAJAN LAL JATAV
79,Madhya Pradesh,BHARAT SINGH KUSHWAH,GWALIOR,151455276.04,LS,Madhya Pradesh,,BHARAT SINGH KUSHWAH,LS_BHARAT SINGH KUSHWAH
80,Gujarat,BHARATBHAI MANUBHAI SUTARIYA,AMRELI,147000000.0,LS,Gujarat,,BHARATBHAI MANUBHAI SUTARIYA,LS_BHARATBHAI MANUBHAI SUTARIYA
81,Gujarat,Bharatsinhji Shankarji Dabhi,PATAN,147000000.0,LS,Gujarat,,BHARATSINHJI SHANKARJI DABHI,LS_BHARATSINHJI SHANKARJI DABHI
82,Madhya Pradesh,BHARTI PARDHI,BALAGHAT,154398389.01,LS,Madhya Pradesh,,BHARTI PARDHI,LS_BHARTI PARDHI
83,Maharashtra,BHASKAR MURLIDHAR BHAGARE,DINDORI(ST),147000000.0,LS,Maharashtra,,BHASKAR MURLIDHAR BHAGARE,LS_BHASKAR MURLIDHAR BHAGARE
84,Maharashtra,BHAUSAHEB RAJARAM WAKCHAURE,SHIRDI(SC),147000000.0,LS,Maharashtra,,BHAUSAHEB RAJARAM WAKCHAURE,LS_BHAUSAHEB RAJARAM WAKCHAURE
85,Chhattisgarh,BHOJRAJ NAG,KANKER(ST),164672734.11,LS,Chhattisgarh,,BHOJRAJ NAG,LS_BHOJRAJ NAG
86,Uttar Pradesh,Bhola Singh,BULANDSHAHR(SC),147000000.0,LS,Uttar Pradesh,,BHOLA SINGH,LS_BHOLA SINGH
87,Maharashtra,BHUMARE SANDIPANRAO ASARAM,AURANGABAD_MH,147000000.0,LS,Maharashtra,,BHUMARE SANDIPANRAO ASARAM,LS_BHUMARE SANDIPANRAO ASARAM
88,Andhra Pradesh,Bhupathiraju Srinivasa varma,NARASAPURAM,147000000.0,LS,Andhra Pradesh,,BHUPATHIRAJU SRINIVASA VARMA,LS_BHUPATHIRAJU SRINIVASA VARMA
89,Rajasthan,BHUPENDER YADAV,ALWAR,147000000.0,LS,Rajasthan,,BHUPENDER YADAV,LS_BHUPENDER YADAV
90,Odisha,BIBHU PRASAD TARAI,JAGATSINGHPUR(SC),147000000.0,LS,Odisha,,BIBHU PRASAD TARAI,LS_BIBHU PRASAD TARAI
91,Jharkhand,Bidyut Baran Mahato,JAMSHEDPUR,147000000.0,LS,Jharkhand,,BIDYUT BARAN MAHATO,LS_BIDYUT BARAN MAHATO
92,Assam,BIJULI KALITA MEDHI,GUWAHATI,147000000.0,LS,Assam,,BIJULI KALITA MEDHI,LS_BIJULI KALITA MEDHI
93,Tripura,BIPLAB KUMAR DEB,TRIPURA WEST,147000000.0,LS,Tripura,,BIPLAB KUMAR DEB,LS_BIPLAB KUMAR DEB
94,Andaman And Nicobar Islands,BISHNU PADA RAY,ANDAMAN AND NICOBAR ISLANDS,147000000.0,LS,Andaman And Nicobar Islands,,BISHNU PADA RAY,LS_BISHNU PADA RAY
95,Rajasthan,BRIJENDRA SINGH OLA,JHUNJHUNU,147000000.0,LS,Rajasthan,,BRIJENDRA SINGH OLA,LS_BRIJENDRA SINGH OLA
96,Chhattisgarh,BRIJMOHAN AGRAWAL,RAIPUR,153766451.11,LS,Chhattisgarh,,BRIJMOHAN AGRAWAL,LS_BRIJMOHAN AGRAWAL
97,Madhya Pradesh,BUNTY VIVEK SAHU,CHHINDWARA,147000000.0,LS,Madhya Pradesh,,BUNTY VIVEK SAHU,LS_BUNTY VIVEK SAHU
98,Gujarat,C R Patil,NAVSARI,158532494.36,LS,Gujarat,,C R PATIL,LS_C R PATIL
99,Andhra Pradesh,C.M.RAMESH,ANAKAPALLE,202531656.11,LS,Andhra Pradesh,,C M RAMESH,LS_C M RAMESH
100,Karnataka,CAPTAIN BRIJESH CHOWTA,DAKSHINA KANNADA,147000000.0,LS,Karnataka,,CAPTAIN BRIJESH CHOWTA,LS_CAPTAIN BRIJESH CHOWTA
101,Goa,CAPTAIN VIRIATO FERNANDES,SOUTH GOA,147000000.0,LS,Goa,,CAPTAIN VIRIATO FERNANDES,LS_CAPTAIN VIRIATO FERNANDES
102,Telangana,CHAMALA KIRAN KUMAR REDDY,BHONGIR,147000000.0,LS,Telangana,,CHAMALA KIRAN KUMAR REDDY,LS_CHAMALA KIRAN KUMAR REDDY
103,Uttar Pradesh,CHANDAN CHAUHAN,BIJNOR,147000000.0,LS,Uttar Pradesh,,CHANDAN CHAUHAN,LS_CHANDAN CHAUHAN
104,Rajasthan,Chandra Prakash Joshi,CHITTORGARH,147000000.0,LS,Rajasthan,,CHANDRA PRAKASH JOSHI,LS_CHANDRA PRAKASH JOSHI
105,Uttar Pradesh,CHANDRA SHEKHAR,NAGINA(SC),147000000.0,LS,Uttar Pradesh,,CHANDRA SHEKHAR,LS_CHANDRA SHEKHAR
106,Gujarat,CHANDUBHAI CHHAGANBHAI SHIHORA,SURENDRANAGAR,147000000.0,LS,Gujarat,,CHANDUBHAI CHHAGANBHAI SHIHORA,LS_CHANDUBHAI CHHAGANBHAI SHIHORA
107,Punjab,CHARANJIT SINGH CHANNI,JALANDHAR(SC),147000000.0,LS,Punjab,,CHARANJIT SINGH CHANNI,LS_CHARANJIT SINGH CHANNI
108,Maharashtra,CHAVAN VASANTRAO BALWANTRAO,NANDED,,LS,Maharashtra,,CHAVAN VASANTRAO BALWANTRAO,LS_CHAVAN VASANTRAO BALWANTRAO
109,Uttar Pradesh,CHHATRA PAL SINGH GANGWAR,BAREILLY,147000000.0,LS,Uttar Pradesh,,CHHATRA PAL SINGH GANGWAR,LS_CHHATRA PAL SINGH GANGWAR
110,Maharashtra,CHHATRAPATI SHAHU SHAHAJI,KOLHAPUR,147000000.0,LS,Maharashtra,,CHHATRAPATI SHAHU SHAHAJI,LS_CHHATRAPATI SHAHU SHAHAJI
111,Uttar Pradesh,CHHOTELAL,ROBERTSGANJ(SC),147000000.0,LS,Uttar Pradesh,,CHHOTELAL,LS_CHHOTELAL
112,Chhattisgarh,CHINTAMANI MAHARAJ,SARGUJA(ST),147000000.0,LS,Chhattisgarh,,CHINTAMANI MAHARAJ,LS_CHINTAMANI MAHARAJ
113,Bihar,CHIRAG PASWAN,HAJIPUR(SC),147000000.0,LS,Bihar,,CHIRAG PASWAN,LS_CHIRAG PASWAN
114,Tamil Nadu,CN Annadurai,TIRUVANNAMALAI,148579509.11,LS,Tamil Nadu,,CN ANNADURAI,LS_CN ANNADURAI
115,Tamil Nadu,D M Kathir Anand,VELLORE,160196941.11,LS,Tamil Nadu,,D M KATHIR ANAND,LS_D M KATHIR ANAND
116,Tamil Nadu,D Ravikumar,VILUPPURAM(SC),197598306.11,LS,Tamil Nadu,,D RAVIKUMAR,LS_D RAVIKUMAR
117,Andhra Pradesh,Daggubati Purandeshwari,RAJAHMUNDRY,147000000.0,LS,Andhra Pradesh,,DAGGUBATI PURANDESHWARI,LS_DAGGUBATI PURANDESHWARI
118,Andhra Pradesh,DAGGUMALLA PRASADA RAO,CHITTOOR,147000000.0,LS,Andhra Pradesh,,DAGGUMALLA PRASADA RAO,LS_DAGGUMALLA PRASADA RAO
119,Rajasthan,DAMODAR AGARWAL,BHILWARA,147000000.0,LS,Rajasthan,,DAMODAR AGARWAL,LS_DAMODAR AGARWAL
120,Uttar Pradesh,DAROGA PRASAD SAROJ,LALGANJ (SC),147000000.0,LS,Uttar Pradesh,,DAROGA PRASAD SAROJ,LS_DAROGA PRASAD SAROJ
121,Madhya Pradesh,DARSHAN SINGH CHOUDHARY,HOSHANGABAD,147000000.0,LS,Madhya Pradesh,,DARSHAN SINGH CHOUDHARY,LS_DARSHAN SINGH CHOUDHARY
122,Haryana,DEEPENDER SINGH HOODA,ROHTAK,147000000.0,LS,Haryana,,DEEPENDER SINGH HOODA,LS_DEEPENDER SINGH HOODA
123,Uttar Pradesh,Devendra Alias Bhole Singh,AKBARPUR,147000000.0,LS,Uttar Pradesh,,DEVENDRA ALIAS BHOLE SINGH,LS_DEVENDRA ALIAS BHOLE SINGH
124,Bihar,DEVESH CHANDRA THAKUR,SITAMARHI,163809205.11,LS,Bihar,,DEVESH CHANDRA THAKUR,LS_DEVESH CHANDRA THAKUR
125,Uttar Pradesh,DEVESH SHAKYA,ETAH,147000000.0,LS,Uttar Pradesh,,DEVESH SHAKYA,LS_DEVESH SHAKYA
126,Gujarat,Devusinh Jesingbhai Chauhan,KHEDA,147000000.0,LS,Gujarat,,DEVUSINH JESINGBHAI CHAUHAN,LS_DEVUSINH JESINGBHAI CHAUHAN
127,Maharashtra,Dhairyasheel Sambhajirao Mane,HATKANANGLE,147000000.0,LS,Maharashtra,,DHAIRYASHEEL SAMBHAJIRAO MANE,LS_DHAIRYASHEEL SAMBHAJIRAO MANE
128,Maharashtra,DHANORKAR PRATIBHA SURESH ALIAS BALUBHAU,CHANDRAPUR,147000000.0,LS,Maharashtra,,DHANORKAR PRATIBHA SURESH ALIAS BALUBHAU,LS_DHANORKAR PRATIBHA SURESH ALIAS BALUBHAU
129,Odisha,DHARMENDRA PRADHAN,SAMBALPUR,147000000.0,LS,Odisha,,DHARMENDRA PRADHAN,LS_DHARMENDRA PRADHAN
130,Uttar Pradesh,DHARMENDRA YADAV,AZAMGARH,147000000.0,LS,Uttar Pradesh,,DHARMENDRA YADAV,LS_DHARMENDRA YADAV
131,Gujarat,DHAVAL LAXMANBHAI PATEL,VALSAD(ST),147000000.0,LS,Gujarat,,DHAVAL LAXMANBHAI PATEL,LS_DHAVAL LAXMANBHAI PATEL
132,Bihar,Dileshwar Kamait,SUPAUL,150450930.89,LS,Bihar,,DILESHWAR KAMAIT,LS_DILESHWAR KAMAIT
133,Assam,Dilip Saikia,Darrang-Udalguri,147000000.0,LS,Assam,,DILIP SAIKIA,LS_DILIP SAIKIA
134,Bihar,Dinesh Chandra Yadav,MADHEPURA,150070866.11,LS,Bihar,,DINESH CHANDRA YADAV,LS_DINESH CHANDRA YADAV
135,Gujarat,DINESHBHAI MAKWANA,AHMEDABAD WEST(SC),160434965.11,LS,Gujarat,,DINESHBHAI MAKWANA,LS_DINESHBHAI MAKWANA
136,Andhra Pradesh,DR BYREDDY SHABARI,NANDYAL,150675889.11,LS,Andhra Pradesh,,BYREDDY SHABARI,LS_BYREDDY SHABARI
137,Karnataka,DR C N MANJUNATH,BANGALORE RURAL,147000000.0,LS,Karnataka,,C N MANJUNATH,LS_C N MANJUNATH
138,Andhra Pradesh,Dr Chandra Sekhar Pemmasani,GUNTUR,159774113.11,LS,Andhra Pradesh,,CHANDRA SEKHAR PEMMASANI,LS_CHANDRA SEKHAR PEMMASANI
139,Punjab,DR DHARAMVIRA GANDHI,PATIALA,147000000.0,LS,Punjab,,DHARAMVIRA GANDHI,LS_DHARAMVIRA GANDHI
140,West Bengal,Dr Jayanta Kumar Roy,JALPAIGURI(SC),147000000.0,LS,West Bengal,,JAYANTA KUMAR ROY,LS_JAYANTA KUMAR ROY
141,Maharashtra,DR KALGE SHIVAJI BANDAPPA,LATUR(SC),147000000.0,LS,Maharashtra,,KALGE SHIVAJI BANDAPPA,LS_KALGE SHIVAJI BANDAPPA
142,Bihar,Dr Mohammad Jawed,KISHANGANJ,148669229.11,LS,Bihar,,MOHAMMAD JAWED,LS_MOHAMMAD JAWED
143,Uttar Pradesh,DR RAJKUMAR SANGWAN,BAGHPAT,147000000.0,LS,Uttar Pradesh,,RAJKUMAR SANGWAN,LS_RAJKUMAR SANGWAN
144,Tamil Nadu,DR RANI SRI KUMAR,TENKASI(SC),153060922.82,LS,Tamil Nadu,,RANI SRI KUMAR,LS_RANI SRI KUMAR
145,Kerala,Dr Shashi Tharoor,THIRUVANANTHAPURAM,147000000.0,LS,Kerala,,SHASHI THAROOR,LS_SHASHI THAROOR
146,West Bengal,Dr Sukanta Majumdar,BALURGHAT,157085364.9,LS,West Bengal,,SUKANTA MAJUMDAR,LS_SUKANTA MAJUMDAR
147,Gujarat,DR. HEMANG JOSHI,VADODARA,147000000.0,LS,Gujarat,,HEMANG JOSHI,LS_HEMANG JOSHI
148,Maharashtra,DR. HEMANT VISHNU SAVARA,PALGHAR(ST),147000000.0,LS,Maharashtra,,HEMANT VISHNU SAVARA,LS_HEMANT VISHNU SAVARA
149,Maharashtra,DR. KIRSAN NAMDEO,GADCHIROLI-CHIMUR(ST),147000000.0,LS,Maharashtra,,KIRSAN NAMDEO,LS_KIRSAN NAMDEO
150,Madhya Pradesh,DR. LATA WANKHEDE,SAGAR,147000000.0,LS,Madhya Pradesh,,LATA WANKHEDE,LS_LATA WANKHEDE
151,Kerala,DR. M.P ABDUSSAMAD SAMADANI,PONNANI,170434031.11,LS,Kerala,,M P ABDUSSAMAD SAMADANI,LS_M P ABDUSSAMAD SAMADANI
152,Gujarat,DR. MANSUKH MANDAVIYA,PORBANDAR,147000000.0,LS,Gujarat,,MANSUKH MANDAVIYA,LS_MANSUKH MANDAVIYA
153,Karnataka,DR. PRABHA MALLIKARJUN,DAVANAGERE,147000000.0,LS,Karnataka,,PRABHA MALLIKARJUN,LS_PRABHA MALLIKARJUN
154,Odisha,DR. PRADEEP KUMAR PANIGRAHY,BERHAMPUR,147000000.0,LS,Odisha,,PRADEEP KUMAR PANIGRAHY,LS_PRADEEP KUMAR PANIGRAHY
155,Maharashtra,DR. PRASHANT YADAORAO PADOLE,BHANDARA-GONDIYA,159680283.39,LS,Maharashtra,,PRASHANT YADAORAO PADOLE,LS_PRASHANT YADAORAO PADOLE
156,Punjab,DR. RAJ KUMAR CHABBEWAL,HOSHIARPUR(SC),147000000.0,LS,Punjab,,RAJ KUMAR CHABBEWAL,LS_RAJ KUMAR CHABBEWAL
157,Madhya Pradesh,DR. RAJESH MISHRA,SIDHI,262724510.35,LS,Madhya Pradesh,,RAJESH MISHRA,LS_RAJESH MISHRA
158,Uttar Pradesh,DR. S P SINGH,PRATAPGARH,147000000.0,LS,Uttar Pradesh,,S P SINGH,LS_S P SINGH
159,West Bengal,DR. SHARMILA SARKAR,BARDHAMAN PURBA(SC),147000000.0,LS,West Bengal,,SHARMILA SARKAR,LS_SHARMILA SARKAR
160,Karnataka,DR.K.SUDHAKAR,CHIKBALLAPUR,147000000.0,LS,Karnataka,,DR K SUDHAKAR,LS_DR K SUDHAKAR
161,Telangana,DR.MALLU RAVI,NAGARKURNOOL(SC),147000000.0,LS,Telangana,,DR MALLU RAVI,LS_DR MALLU RAVI
162,Jharkhand,DULU MAHATO,DHANBAD,147000000.0,LS,Jharkhand,,DULU MAHATO,LS_DULU MAHATO
163,Tamil Nadu,DURAI VAIKO,TIRUCHIRAPPALLI,147000000.0,LS,Tamil Nadu,,DURAI VAIKO,LS_DURAI VAIKO
164,Madhya Pradesh,Durga Das Uikey,BETUL(ST),151569502.91,LS,Madhya Pradesh,,DURGA DAS UIKEY,LS_DURGA DAS UIKEY
165,Rajasthan,Dushyant Singh,JHALAWAR-BARAN,147000000.0,LS,Rajasthan,,DUSHYANT SINGH,LS_DUSHYANT SINGH
166,Karnataka,E. TUKARAM,BELLARY(ST),147000000.0,LS,Karnataka,,E TUKARAM,LS_E TUKARAM
167,Kerala,E.T. MOHAMMED BASHEER,MALAPPURAM,163895872.11,LS,Kerala,,E T MOHAMMED BASHEER,LS_E T MOHAMMED BASHEER
168,Telangana,EATALA RAJENDER,MALKAJGIRI,327477390.86,LS,Telangana,,EATALA RAJENDER,LS_EATALA RAJENDER
169,Tamil Nadu,ESWARASAMY K,POLLACHI,162315106.11,LS,Tamil Nadu,,ESWARASAMY K,LS_ESWARASAMY K
170,Madhya Pradesh,Faggan Singh Kulaste,MANDLA(ST),151861648.41,LS,Madhya Pradesh,,FAGGAN SINGH KULASTE,LS_FAGGAN SINGH KULASTE
171,Karnataka,G. KUMAR NAIK,RAICHUR(ST),147000000.0,LS,Karnataka,,G KUMAR NAIK,LS_G KUMAR NAIK
172,Maharashtra,GAIKWAD VARSHA EKNATH,MUMBAI NORTH-CENTRAL,147000000.0,LS,Maharashtra,,GAIKWAD VARSHA EKNATH,LS_GAIKWAD VARSHA EKNATH
173,Madhya Pradesh,Gajendra Singh Patel,KHARGONE(ST),147000000.0,LS,Madhya Pradesh,,GAJENDRA SINGH PATEL,LS_GAJENDRA SINGH PATEL
174,Rajasthan,Gajendra Singh Shekhawat,JODHPUR,147000000.0,LS,Rajasthan,,GAJENDRA SINGH SHEKHAWAT,LS_GAJENDRA SINGH SHEKHAWAT
175,Tamil Nadu,GANAPATHY RAJKUMAR P,COIMBATORE,147370490.11,LS,Tamil Nadu,,GANAPATHY RAJKUMAR P,LS_GANAPATHY RAJKUMAR P
176,Tamil Nadu,Ganesan Selvam,KANCHEEPURAM(SC),186508749.11,LS,Tamil Nadu,,GANESAN SELVAM,LS_GANESAN SELVAM
177,Madhya Pradesh,Ganesh Singh,SATNA,147000000.0,LS,Madhya Pradesh,,GANESH SINGH,LS_GANESH SINGH
178,Assam,GAURAV GOGOI,JORHAT,147000000.0,LS,Assam,,GAURAV GOGOI,LS_GAURAV GOGOI
179,Gujarat,GENIBEN NAGAJI THAKOR,BANASKANTHA,147000000.0,LS,Gujarat,,GENIBEN NAGAJI THAKOR,LS_GENIBEN NAGAJI THAKOR
180,Bihar,Giridhari Yadav,BANKA,147000000.0,LS,Bihar,,GIRIDHARI YADAV,LS_GIRIDHARI YADAV
181,Bihar,Giriraj Singh,BEGUSARAI,147000000.0,LS,Bihar,,GIRIRAJ SINGH,LS_GIRIRAJ SINGH
182,Andhra Pradesh,GM Harish Balayogi,AMALAPURAM(SC),147000000.0,LS,Andhra Pradesh,,GM HARISH BALAYOGI,LS_GM HARISH BALAYOGI
183,Telangana,GODAM NAGESH,ADILABAD(ST),147000000.0,LS,Telangana,,GODAM NAGESH,LS_GODAM NAGESH
184,Tamil Nadu,GOPINATH K,KRISHNAGIRI,147000000.0,LS,Tamil Nadu,,GOPINATH K,LS_GOPINATH K
185,Karnataka,GOVIND MAKTHAPPA KARJOL,CHITRADURGA(SC),147000000.0,LS,Karnataka,,GOVIND MAKTHAPPA KARJOL,LS_GOVIND MAKTHAPPA KARJOL
186,Andhra Pradesh,Gumma Thanuja Rani,ARAKU(ST),149458905.11,LS,Andhra Pradesh,,GUMMA THANUJA RANI,LS_GUMMA THANUJA RANI
187,Punjab,GURMEET SINGH MEET HAYER,SANGRUR,147000000.0,LS,Punjab,,GURMEET SINGH MEET HAYER,LS_GURMEET SINGH MEET HAYER
188,Madhya Pradesh,Gyaneshwar Patil,KHANDWA,155690684.77,LS,Madhya Pradesh,,GYANESHWAR PATIL,LS_GYANESHWAR PATIL
189,Karnataka,H.D. KUMARASWAMY,MANDYA,147000000.0,LS,Karnataka,,H D KUMARASWAMY,LS_H D KUMARASWAMY
190,Uttar Pradesh,HARENDRA SINGH MALIK,MUZAFFARNAGAR,147000000.0,LS,Uttar Pradesh,,HARENDRA SINGH MALIK,LS_HARENDRA SINGH MALIK
191,Gujarat,HARIBHAI PATEL,MAHESANA,147000000.0,LS,Gujarat,,HARIBHAI PATEL,LS_HARIBHAI PATEL
192,Rajasthan,HARISH CHANDRA MEENA,TONK-SAWAI MADHOPUR,147000000.0,LS,Rajasthan,,HARISH CHANDRA MEENA,LS_HARISH CHANDRA MEENA
193,Delhi,Harsh Malhotra,EAST DELHI,147134131.0,LS,Delhi,,HARSH MALHOTRA,LS_HARSH MALHOTRA
194,Gujarat,Hasmukh Bhai Soma Bhai Patel,AHMEDABAD EAST,147000000.0,LS,Gujarat,,HASMUKH BHAI SOMA BHAI PATEL,LS_HASMUKH BHAI SOMA BHAI PATEL
195,Uttar Pradesh,IMRAN MASOOD,SAHARANPUR,147000000.0,LS,Uttar Pradesh,,IMRAN MASOOD,LS_IMRAN MASOOD
196,Sikkim,Indra Hang Subba,SIKKIM,152003923.11,LS,Sikkim,,INDRA HANG SUBBA,LS_INDRA HANG SUBBA
197,Uttar Pradesh,IQRA CHOUDHARY,KAIRANA,147000000.0,LS,Uttar Pradesh,,IQRA CHOUDHARY,LS_IQRA CHOUDHARY
198,West Bengal,ISHA KHAN CHOUDHURY,MALDAHA DAKSHIN,147000000.0,LS,West Bengal,,ISHA KHAN CHOUDHURY,LS_ISHA KHAN CHOUDHURY
199,West Bengal,JAGADISH CHANDRA BARMA BASUNIA,COOCHBEHAR(SC),168604641.11,LS,West Bengal,,JAGADISH CHANDRA BARMA BASUNIA,LS_JAGADISH CHANDRA BARMA BASUNIA
200,Karnataka,JAGADISH SHETTAR,BELGAUM,147000000.0,LS,Karnataka,,JAGADISH SHETTAR,LS_JAGADISH SHETTAR
201,West Bengal,Jagannath Sarkar,RANAGHAT(SC),147000000.0,LS,West Bengal,,JAGANNATH SARKAR,LS_JAGANNATH SARKAR
202,Uttar Pradesh,Jagdambika Pal,DOMARIYAGANJ,160643957.11,LS,Uttar Pradesh,,JAGDAMBIKA PAL,LS_JAGDAMBIKA PAL
203,Haryana,JAI PARKASH,HISAR,147000000.0,LS,Haryana,,JAI PARKASH,LS_JAI PARKASH
204,Uttar Pradesh,Jai Prakash,HARDOI (SC),147000000.0,LS,Uttar Pradesh,,JAI PRAKASH,LS_JAI PRAKASH
205,Madhya Pradesh,Janardan Mishra,REWA,147000000.0,LS,Madhya Pradesh,,JANARDAN MISHRA,LS_JANARDAN MISHRA
206,Gujarat,JASHUBHAI BHILUBHAI RATHVA,CHHOTA UDAIPUR(ST),147000000.0,LS,Gujarat,,JASHUBHAI BHILUBHAI RATHVA,LS_JASHUBHAI BHILUBHAI RATHVA
207,Gujarat,Jaswantsinh Sumanbhai Bhabhor,DAHOD(ST),147000000.0,LS,Gujarat,,JASWANTSINH SUMANBHAI BHABHOR,LS_JASWANTSINH SUMANBHAI BHABHOR
208,Bihar,JITAN RAM MANJHI,GAYA (SC),147000000.0,LS,Bihar,,JITAN RAM MANJHI,LS_JITAN RAM MANJHI
209,Uttar Pradesh,JITENDRA KUMAR DOHARE,ETAWAH(SC),188747306.26,LS,Uttar Pradesh,,JITENDRA KUMAR DOHARE,LS_JITENDRA KUMAR DOHARE
210,Jammu And Kashmir,Jitendra Singh,UDHAMPUR,147000000.0,LS,Jammu And Kashmir,,JITENDRA SINGH,LS_JITENDRA SINGH
211,Uttar Pradesh,JITIN PRASADA,PILIBHIT,147000000.0,LS,Uttar Pradesh,,JITIN PRASADA,LS_JITIN PRASADA
212,Jharkhand,JOBA MAJHI,SINGHBHUM(ST),147000000.0,LS,Jharkhand,,JOBA MAJHI,LS_JOBA MAJHI
213,Assam,JOYANTA BASUMATARY,KOKRAJHAR (ST),147000000.0,LS,Assam,,JOYANTA BASUMATARY,LS_JOYANTA BASUMATARY
214,West Bengal,JUNE MALIAH,MEDINIPUR,147000000.0,LS,West Bengal,,JUNE MALIAH,LS_JUNE MALIAH
215,Madhya Pradesh,JYOTIRADITYA M. SCINDIA,GUNA,147000000.0,LS,Madhya Pradesh,,JYOTIRADITYA M SCINDIA,LS_JYOTIRADITYA M SCINDIA
216,Chhattisgarh,Jyotsna Charandas Mahant,KORBA,155153738.11,LS,Chhattisgarh,,JYOTSNA CHARANDAS MAHANT,LS_JYOTSNA CHARANDAS MAHANT
217,Tamil Nadu,K E PRAKASH,ERODE,147000000.0,LS,Tamil Nadu,,K E PRAKASH,LS_K E PRAKASH
218,Kerala,K RADHAKRISHNAN,ALATHUR(SC),147000000.0,LS,Kerala,,K RADHAKRISHNAN,LS_K RADHAKRISHNAN
219,Tamil Nadu,K Subbarayan,TIRUPPUR,147000000.0,LS,Tamil Nadu,,K SUBBARAYAN,LS_K SUBBARAYAN
220,Kerala,K. C VENUGOPAL,ALAPPUZHA,147000000.0,LS,Kerala,,K C VENUGOPAL,LS_K C VENUGOPAL
221,Karnataka,K. RAJASHEKAR BASAVARAJ HITNAL,KOPPAL,147000000.0,LS,Karnataka,,K RAJASHEKAR BASAVARAJ HITNAL,LS_K RAJASHEKAR BASAVARAJ HITNAL
222,Telangana,KADIYAM KAVYA,WARANGEL(SC),147000000.0,LS,Telangana,,KADIYAM KAVYA,LS_KADIYAM KAVYA
223,West Bengal,Kakoli Ghosh Dastidar,BARASAT,147000000.0,LS,West Bengal,,KAKOLI GHOSH DASTIDAR,LS_KAKOLI GHOSH DASTIDAR
224,The Dadra And Nagar Haveli And Daman And Diu,Kalaben Mohanbhai Delkar,DADRA & NAGAR HAVELI (ST),147000000.0,LS,The Dadra And Nagar Haveli And Daman And Diu,,KALABEN MOHANBHAI DELKAR,LS_KALABEN MOHANBHAI DELKAR
225,Tamil Nadu,Kalanidhi Veeraswamy,CHENNAI NORTH,171500000.0,LS,Tamil Nadu,,KALANIDHI VEERASWAMY,LS_KALANIDHI VEERASWAMY
226,Jharkhand,KALI CHARAN MUNDA,KHUNTI(ST),147000000.0,LS,Jharkhand,,KALI CHARAN MUNDA,LS_KALI CHARAN MUNDA
227,Jharkhand,KALI CHARAN SINGH,CHATRA,147000000.0,LS,Jharkhand,,KALI CHARAN SINGH,LS_KALI CHARAN SINGH
228,West Bengal,KALIPADA SAREN,JHARGRAM(ST),147000000.0,LS,West Bengal,,KALIPADA SAREN,LS_KALIPADA SAREN
229,West Bengal,Kalyan Banerjee,SREERAMPUR,147000000.0,LS,West Bengal,,KALYAN BANERJEE,LS_KALYAN BANERJEE
230,Maharashtra,KALYAN VAIJINATHRAO KALE,JALNA,147000000.0,LS,Maharashtra,,KALYAN VAIJINATHRAO KALE,LS_KALYAN VAIJINATHRAO KALE
231,Assam,KAMAKHYA PRASAD TASA,Kaziranga,147000000.0,LS,Assam,,KAMAKHYA PRASAD TASA,LS_KAMAKHYA PRASAD TASA
232,Delhi,Kamaljeet Sehrawat,WEST DELHI,147000000.0,LS,Delhi,,KAMALJEET SEHRAWAT,LS_KAMALJEET SEHRAWAT
233,Chhattisgarh,KAMLESH JANGDE,JANJGIR CHAMPA(SC),150384382.11,LS,Chhattisgarh,,KAMLESH JANGDE,LS_KAMLESH JANGDE
234,Uttar Pradesh,Kamlesh Paswan,BANSGAON(SC),147000000.0,LS,Uttar Pradesh,,KAMLESH PASWAN,LS_KAMLESH PASWAN
235,Himachal Pradesh,Kangana Ranaut,MANDI,147000000.0,LS,Himachal Pradesh,,KANGANA RANAUT,LS_KANGANA RANAUT
236,Tamil Nadu,Kani K Navas,RAMANATHAPURAM,147000000.0,LS,Tamil Nadu,,KANI K NAVAS,LS_KANI K NAVAS
237,Tamil Nadu,Kanimozhi Karunanidhi,THOOTHUKKUDI,147000000.0,LS,Tamil Nadu,,KANIMOZHI KARUNANIDHI,LS_KANIMOZHI KARUNANIDHI
238,Uttar Pradesh,KANWAR SINGH TANWAR,AMROHA,147000000.0,LS,Uttar Pradesh,,KANWAR SINGH TANWAR,LS_KANWAR SINGH TANWAR
239,Uttar Pradesh,KARAN BHUSHAN SINGH,KAISERGANJ,147000000.0,LS,Uttar Pradesh,,KARAN BHUSHAN SINGH,LS_KARAN BHUSHAN SINGH
240,West Bengal,KARTICK CHANDRA PAUL,RAIGANJ,202677986.56,LS,West Bengal,,KARTICK CHANDRA PAUL,LS_KARTICK CHANDRA PAUL
241,Bihar,Kaushalendra Kumar,NALANDA,147000000.0,LS,Bihar,,KAUSHALENDRA KUMAR,LS_KAUSHALENDRA KUMAR
242,West Bengal,Khagen Murmu,MALDAHA UTTAR,147000000.0,LS,West Bengal,,KHAGEN MURMU,LS_KHAGEN MURMU
243,West Bengal,Khalilur Rahaman,JANGIPUR,147000000.0,LS,West Bengal,,KHALILUR RAHAMAN,LS_KHALILUR RAHAMAN
244,Andhra Pradesh,Kinjarapu Ram Mohan Naidu,SRIKAKULAM,171200630.11,LS,Andhra Pradesh,,KINJARAPU RAM MOHAN NAIDU,LS_KINJARAPU RAM MOHAN NAIDU
245,Arunachal Pradesh,Kiren Rijiju,ARUNACHAL WEST,147000000.0,LS,Arunachal Pradesh,,KIREN RIJIJU,LS_KIREN RIJIJU
246,Uttar Pradesh,Kirti Vardhan Singh,GONDA,147000000.0,LS,Uttar Pradesh,,KIRTI VARDHAN SINGH,LS_KIRTI VARDHAN SINGH
247,Telangana,Kishan Reddy Gangapuram,SECUNDERABAD,147000000.0,LS,Telangana,,KISHAN REDDY GANGAPURAM,LS_KISHAN REDDY GANGAPURAM
248,Uttar Pradesh,KISHORI LAL,AMETHI,171500000.0,LS,Uttar Pradesh,,KISHORI LAL,LS_KISHORI LAL
249,Telangana,KONDA VISHWESHWAR REDDY,CHELVELLA,186441916.11,LS,Telangana,,KONDA VISHWESHWAR REDDY,LS_KONDA VISHWESHWAR REDDY
250,Karnataka,KOTA SRINIVAS POOJARY,UDUPI CHIKMAGALUR,147000000.0,LS,Karnataka,,KOTA SRINIVAS POOJARY,LS_KOTA SRINIVAS POOJARY
251,Assam,Kripanath Mallah,KARIMGANJ (SC),147000000.0,LS,Assam,,KRIPANATH MALLAH,LS_KRIPANATH MALLAH
252,Haryana,Krishan Pal Gurjar,FARIDABAD,147000000.0,LS,Haryana,,KRISHAN PAL GURJAR,LS_KRISHAN PAL GURJAR
253,Uttar Pradesh,KRISHNA DEVI SHIVSHANKER PATEL,BANDA,147000000.0,LS,Uttar Pradesh,,KRISHNA DEVI SHIVSHANKER PATEL,LS_KRISHNA DEVI SHIVSHANKER PATEL
254,Andhra Pradesh,Krishna Prasad Tenneti,BAPATLA,167796849.11,LS,Andhra Pradesh,,KRISHNA PRASAD TENNETI,LS_KRISHNA PRASAD TENNETI
255,Tripura,KRITI DEVI DEBBARMAN,TRIPURA EAST(ST),147000000.0,LS,Tripura,,KRITI DEVI DEBBARMAN,LS_KRITI DEVI DEBBARMAN
256,Rajasthan,KULDEEP INDORA,GANGANAGAR(SC),147000000.0,LS,Rajasthan,,KULDEEP INDORA,LS_KULDEEP INDORA
257,Telangana,KUNDURU RAGHUVEER,NALGONDA,162952022.0,LS,Telangana,,KUNDURU RAGHUVEER,LS_KUNDURU RAGHUVEER
258,Uttar Pradesh,LALJI VERMA,AMBEDKAR NAGAR,147000000.0,LS,Uttar Pradesh,,LALJI VERMA,LS_LALJI VERMA
259,Andhra Pradesh,Lavu Sri Krishna Devarayalu,NARASARAOPET,174009663.11,LS,Andhra Pradesh,,LAVU SRI KRISHNA DEVARAYALU,LS_LAVU SRI KRISHNA DEVARAYALU
260,Uttar Pradesh,LAXMIKANT PAPPU NISHAD,SANT KABIR NAGAR,147000000.0,LS,Uttar Pradesh,,LAXMIKANT PAPPU NISHAD,LS_LAXMIKANT PAPPU NISHAD
261,Bihar,LOVELY ANAND,SHEOHAR,147000000.0,LS,Bihar,,LOVELY ANAND,LS_LOVELY ANAND
262,Rajasthan,LUMBARAM,JALORE,147000000.0,LS,Rajasthan,,LUMBARAM,LS_LUMBARAM
263,Karnataka,M. MALLESH BABU,KOLAR(SC),147065957.11,LS,Karnataka,,M MALLESH BABU,LS_M MALLESH BABU
264,Tamil Nadu,M.K. VISHNUPRASAD,CUDDALORE,147000000.0,LS,Tamil Nadu,,M K VISHNUPRASAD,LS_M K VISHNUPRASAD
265,Andhra Pradesh,Maddila Gurumoorthy,TIRUPATI(SC),180399007.0,LS,Andhra Pradesh,,MADDILA GURUMOORTHY,LS_MADDILA GURUMOORTHY
266,Telangana,MADHAVANENI RAGHUNANDAN RAO,MEDAK,147000000.0,LS,Telangana,,MADHAVANENI RAGHUNANDAN RAO,LS_MADHAVANENI RAGHUNANDAN RAO
267,Andhra Pradesh,Magunta Sreenivasulu Reddy,ONGOLE,147000000.0,LS,Andhra Pradesh,,MAGUNTA SREENIVASULU REDDY,LS_MAGUNTA SREENIVASULU REDDY
268,Madhya Pradesh,Mahendra Singh Solanky,DEWAS(SC),147000000.0,LS,Madhya Pradesh,,MAHENDRA SINGH SOLANKY,LS_MAHENDRA SINGH SOLANKY
269,Chhattisgarh,MAHESH KASHYAP,BASTAR(ST),147000000.0,LS,Chhattisgarh,,MAHESH KASHYAP,LS_MAHESH KASHYAP
270,Uttar Pradesh,Mahesh Sharma,GAUTAM BUDDHA NAGAR,148816284.11,LS,Uttar Pradesh,,MAHESH SHARMA,LS_MAHESH SHARMA
271,Rajasthan,MAHIMA KUMARI MEWAR,RAJSAMAND,183892143.0,LS,Rajasthan,,MAHIMA KUMARI MEWAR,LS_MAHIMA KUMARI MEWAR
272,Uttarakhand,Mala Rajya Laxmi Shah,TEHRI GARHWAL,147000000.0,LS,Uttarakhand,,MALA RAJYA LAXMI SHAH,LS_MALA RAJYA LAXMI SHAH
273,West Bengal,Mala Roy,KOLKATA DAKSHIN,147000000.0,LS,West Bengal,,MALA ROY,LS_MALA ROY
274,Tamil Nadu,MALAIYARASAN D,KALLAKURICHI,176686299.0,LS,Tamil Nadu,,MALAIYARASAN D,LS_MALAIYARASAN D
275,Odisha,MALVIKA DEVI,KALAHANDI,147000000.0,LS,Odisha,,MALVIKA DEVI,LS_MALVIKA DEVI
276,Punjab,MALVINDER SINGH KANG,ANANDPUR SAHIB,147000000.0,LS,Punjab,,MALVINDER SINGH KANG,LS_MALVINDER SINGH KANG
277,Tamil Nadu,MANI. A.,DHARAMAPURI,164515071.11,LS,Tamil Nadu,,MANI A,LS_MANI A
278,Tamil Nadu,Manickam Tagore B,VIRUDHUNAGAR,147000000.0,LS,Tamil Nadu,,MANICKAM TAGORE B,LS_MANICKAM TAGORE B
279,Jharkhand,MANISH JAISWAL,HAZARIBAGH,147000000.0,LS,Jharkhand,,MANISH JAISWAL,LS_MANISH JAISWAL
280,Chandigarh,MANISH TEWARI,CHANDIGARH,178351443.75,LS,Chandigarh,,MANISH TEWARI,LS_MANISH TEWARI
281,Rajasthan,MANJU SHARMA,JAIPUR,167082901.11,LS,Rajasthan,,MANJU SHARMA,LS_MANJU SHARMA
282,Rajasthan,MANNA LAL RAWAT,UDAIPUR(ST),147000000.0,LS,Rajasthan,,MANNA LAL RAWAT,LS_MANNA LAL RAWAT
283,Haryana,MANOHAR LAL,KARNAL,147000000.0,LS,Haryana,,MANOHAR LAL,LS_MANOHAR LAL
284,Bihar,MANOJ KUMAR,SASARAM(SC),147000000.0,LS,Bihar,,MANOJ KUMAR,LS_MANOJ KUMAR
285,West Bengal,MANOJ TIGGA,ALIPURDUARS(ST),147000000.0,LS,West Bengal,,MANOJ TIGGA,LS_MANOJ TIGGA
286,Delhi,Manoj Tiwari,NORTH EAST DELHI,225843858.0,LS,Delhi,,MANOJ TIWARI,LS_MANOJ TIWARI
287,Gujarat,Mansukhbhai Dhanjibhai Vasava,BHARUCH,147000000.0,LS,Gujarat,,MANSUKHBHAI DHANJIBHAI VASAVA,LS_MANSUKHBHAI DHANJIBHAI VASAVA
288,Jammu And Kashmir,MIAN ALTAF AHMAD,ANANTNAG,147000000.0,LS,Jammu And Kashmir,,MIAN ALTAF AHMAD,LS_MIAN ALTAF AHMAD
289,Andhra Pradesh,Midhun Reddy,RAJAMPET,178951477.11,LS,Andhra Pradesh,,MIDHUN REDDY,LS_MIDHUN REDDY
290,Bihar,MISHA BHARTI,PATALIPUTRA,147000000.0,LS,Bihar,,MISHA BHARTI,LS_MISHA BHARTI
291,Gujarat,Mitesh Rameshbhai Bakabhai Patel,ANAND,147000000.0,LS,Gujarat,,MITESH RAMESHBHAI BAKABHAI PATEL,LS_MITESH RAMESHBHAI BAKABHAI PATEL
292,Ladakh,Mohamed Haneefa,LADAKH,161114542.0,LS,Ladakh,,MOHAMED HANEEFA,LS_MOHAMED HANEEFA
293,Uttar Pradesh,MOHIBBULLAH,RAMPUR,147000000.0,LS,Uttar Pradesh,,MOHIBBULLAH,LS_MOHIBBULLAH
294,Maharashtra,MOHITE PATIL DHAIRYASHEEL RAJSINH,MADHA,195613601.7,LS,Maharashtra,,MOHITE PATIL DHAIRYASHEEL RAJSINH,LS_MOHITE PATIL DHAIRYASHEEL RAJSINH
295,Bihar,Mr Gopal Jee Thakur,DARBHANGA,147000000.0,LS,Bihar,,GOPAL JEE THAKUR,LS_GOPAL JEE THAKUR
296,West Bengal,Ms Mahua Moitra,KRISHNANAGAR,159865046.0,LS,West Bengal,,MAHUA MOITRA,LS_MAHUA MOITRA
297,Lakshadweep,MUHAMMED HAMDULLAH SAYEED,LAKSHADWEEP(ST),153942460.41,LS,Lakshadweep,,MUHAMMED HAMDULLAH SAYEED,LS_MUHAMMED HAMDULLAH SAYEED
298,Uttar Pradesh,Mukesh Rajput,FARRUKHABAD,147000000.0,LS,Uttar Pradesh,,MUKESH RAJPUT,LS_MUKESH RAJPUT
299,Gujarat,MUKESHKUMAR CHANDRAKAANT DALAL,SURAT,147000000.0,LS,Gujarat,,MUKESHKUMAR CHANDRAKAANT DALAL,LS_MUKESHKUMAR CHANDRAKAANT DALAL
300,Rajasthan,MURARI LAL MEENA,DAUSA(ST),147000000.0,LS,Rajasthan,,MURARI LAL MEENA,LS_MURARI LAL MEENA
301,Tamil Nadu,MURASOLI S,THANJAVUR,147000000.0,LS,Tamil Nadu,,MURASOLI S,LS_MURASOLI S
302,Maharashtra,MURLIDHAR MOHOL,PUNE,147000000.0,LS,Maharashtra,,MURLIDHAR MOHOL,LS_MURLIDHAR MOHOL
303,Odisha,NABA CHARAN MAJHI,MAYURBHANJ (ST),147563957.11,LS,Odisha,,NABA CHARAN MAJHI,LS_NABA CHARAN MAJHI
304,Jharkhand,NALIN SOREN,DUMKA(ST),147364097.11,LS,Jharkhand,,NALIN SOREN,LS_NALIN SOREN
305,Uttar Pradesh,NARAYAN DAS AHIRWAR,JALAUN(SC),147000000.0,LS,Uttar Pradesh,,NARAYAN DAS AHIRWAR,LS_NARAYAN DAS AHIRWAR
306,Maharashtra,NARAYAN TATU RANE,RATNAGIRI-SINDHUDURG,147000000.0,LS,Maharashtra,,NARAYAN TATU RANE,LS_NARAYAN TATU RANE
307,Uttar Pradesh,NARESH CHANDRA UTTAM PATEL,FATEHPUR,147000000.0,LS,Uttar Pradesh,,NARESH CHANDRA UTTAM PATEL,LS_NARESH CHANDRA UTTAM PATEL
308,Maharashtra,NARESH GANPAT MHASKE,THANE,147000000.0,LS,Maharashtra,,NARESH GANPAT MHASKE,LS_NARESH GANPAT MHASKE
309,Haryana,NAVEEN JINDAL,KURUKSHETRA,147000000.0,LS,Haryana,,NAVEEN JINDAL,LS_NAVEEN JINDAL
310,Uttar Pradesh,NEERAJ MAURYA,AONLA,147000000.0,LS,Uttar Pradesh,,NEERAJ MAURYA,LS_NEERAJ MAURYA
311,Maharashtra,NILESH DNYANDEV LANKE,AHMEDNAGAR,147000000.0,LS,Maharashtra,,NILESH DNYANDEV LANKE,LS_NILESH DNYANDEV LANKE
312,Gujarat,NIMUBEN JAYANTIBHAI BAMBHANIYA,BHAVNAGAR,147000000.0,LS,Gujarat,,NIMUBEN JAYANTIBHAI BAMBHANIYA,LS_NIMUBEN JAYANTIBHAI BAMBHANIYA
313,Jharkhand,Nishikant Dubey,GODDA,147000000.0,LS,Jharkhand,,NISHIKANT DUBEY,LS_NISHIKANT DUBEY
314,Maharashtra,Nitin Jairam Gadkari,NAGPUR,168195086.11,LS,Maharashtra,,NITIN JAIRAM GADKARI,LS_NITIN JAIRAM GADKARI
315,Bihar,Nityanand Rai,UJJARPUR,147000000.0,LS,Bihar,,NITYANAND RAI,LS_NITYANAND RAI
316,Rajasthan,Om Birla,KOTA,163906956.6,LS,Rajasthan,,OM BIRLA,LS_OM BIRLA
317,Maharashtra,Omprakash Bhupalsinh Alias Pawan Rajenimbalkar,OSMANABAD,184758519.11,LS,Maharashtra,,OMPRAKASH BHUPALSINH ALIAS PAWAN RAJENIMBALKAR,LS_OMPRAKASH BHUPALSINH ALIAS PAWAN RAJENIMBALKAR
318,Karnataka,P C Mohan,BANGALORE CENTRAL,159995711.11,LS,Karnataka,,P C MOHAN,LS_P C MOHAN
319,Uttar Pradesh,Pankaj Chowdhary,MAHARAJGANJ_UP,147000000.0,LS,Uttar Pradesh,,PANKAJ CHOWDHARY,LS_PANKAJ CHOWDHARY
320,Assam,PARIMAL SUKLABAIDYA,SILCHAR,148300157.11,LS,Assam,,PARIMAL SUKLABAIDYA,LS_PARIMAL SUKLABAIDYA
321,Gujarat,PARSHOTTAMBHAI RUPALA,RAJKOT,147000000.0,LS,Gujarat,,PARSHOTTAMBHAI RUPALA,LS_PARSHOTTAMBHAI RUPALA
322,West Bengal,PARTHA BHOWMICK,BARRACKPUR,147000000.0,LS,West Bengal,,PARTHA BHOWMICK,LS_PARTHA BHOWMICK
323,Karnataka,Parvatagouda Chandanagouda Gaddigoudar,BAGALKOT,167541747.11,LS,Karnataka,,PARVATAGOUDA CHANDANAGOUDA GADDIGOUDAR,LS_PARVATAGOUDA CHANDANAGOUDA GADDIGOUDAR
324,The Dadra And Nagar Haveli And Daman And Diu,PATEL UMESHBHAI BABUBHAI,DAMAN and DIU,245063957.0,LS,The Dadra And Nagar Haveli And Daman And Diu,,PATEL UMESHBHAI BABUBHAI,LS_PATEL UMESHBHAI BABUBHAI
325,West Bengal,PATHAN YUSUF,BAHARAMPUR,147000000.0,LS,West Bengal,,PATHAN YUSUF,LS_PATHAN YUSUF
326,Assam,PHANI BHUSAN CHOUDHURY,BARPETA,147000000.0,LS,Assam,,PHANI BHUSAN CHOUDHURY,LS_PHANI BHUSAN CHOUDHURY
327,Maharashtra,Piyush Vedprakash Goyal,MUMBAI NORTH,147000000.0,LS,Maharashtra,,PIYUSH VEDPRAKASH GOYAL,LS_PIYUSH VEDPRAKASH GOYAL
328,Andhra Pradesh,PRABHAKAR REDDY VEMIREDDY,NELLORE(SC),147000000.0,LS,Andhra Pradesh,,PRABHAKAR REDDY VEMIREDDY,LS_PRABHAKAR REDDY VEMIREDDY
329,Gujarat,Prabhubhai Nagarbhai Vasava,BARDOLI(ST),147000000.0,LS,Gujarat,,PRABHUBHAI NAGARBHAI VASAVA,LS_PRABHUBHAI NAGARBHAI VASAVA
330,Assam,Pradan Baruah,LAKHIMPUR,147000000.0,LS,Assam,,PRADAN BARUAH,LS_PRADAN BARUAH
331,Bihar,Pradeep Kumar Singh,ARARIA,147000000.0,LS,Bihar,,PRADEEP KUMAR SINGH,LS_PRADEEP KUMAR SINGH
332,Odisha,PRADEEP PUROHIT,BARGARH,147000000.0,LS,Odisha,,PRADEEP PUROHIT,LS_PRADEEP PUROHIT
333,Assam,Pradyut Bordoloi,NOWGONG,98000000.0,LS,Assam,,PRADYUT BORDOLOI,LS_PRADYUT BORDOLOI
334,Karnataka,Pralhad Venkatesh Joshi,DHARWAD,147000000.0,LS,Karnataka,,PRALHAD VENKATESH JOSHI,LS_PRALHAD VENKATESH JOSHI
335,Maharashtra,PRANITI SUSHILKUMAR SHINDE,SOLAPUR(SC),147000000.0,LS,Maharashtra,,PRANITI SUSHILKUMAR SHINDE,LS_PRANITI SUSHILKUMAR SHINDE
336,West Bengal,Prasun Banerjee,HOWRAH,147000000.0,LS,West Bengal,,PRASUN BANERJEE,LS_PRASUN BANERJEE
337,Odisha,Pratap Chandra Sarangi,BALASORE,147064254.11,LS,Odisha,,PRATAP CHANDRA SARANGI,LS_PRATAP CHANDRA SARANGI
338,Maharashtra,Prataprao Jadhav,BULDHANA,147000000.0,LS,Maharashtra,,PRATAPRAO JADHAV,LS_PRATAPRAO JADHAV
339,West Bengal,Pratima Mondal,JOYNAGAR(SC),147000000.0,LS,West Bengal,,PRATIMA MONDAL,LS_PRATIMA MONDAL
340,Delhi,Praveen Khandelwal,CHANDINI CHOWK,147470276.0,LS,Delhi,,PRAVEEN KHANDELWAL,LS_PRAVEEN KHANDELWAL
341,Uttar Pradesh,PRAVEEN PATEL,PHULPUR,151559884.09,LS,Uttar Pradesh,,PRAVEEN PATEL,LS_PRAVEEN PATEL
342,Uttar Pradesh,PRIYA SAROJ,MACHHLISHAHR(SC),147000000.0,LS,Uttar Pradesh,,PRIYA SAROJ,LS_PRIYA SAROJ
343,Kerala,Priyanka Gandhi Vadra,WAYANAD,122500000.0,LS,Kerala,,PRIYANKA GANDHI VADRA,LS_PRIYANKA GANDHI VADRA
344,Karnataka,PRIYANKA SATISH JARKIHOLI,CHIKKODI,147000000.0,LS,Karnataka,,PRIYANKA SATISH JARKIHOLI,LS_PRIYANKA SATISH JARKIHOLI
345,West Bengal,Prof Sougata Ray,DUM DUM,147000000.0,LS,West Bengal,,SOUGATA RAY,LS_SOUGATA RAY
346,Uttar Pradesh,Prof SP Singh Baghel,AGRA(SC),147000000.0,LS,Uttar Pradesh,,SP SINGH BAGHEL,LS_SP SINGH BAGHEL
347,Uttar Pradesh,PUSHPENDRA SAROJ,KAUSHAMBI(SC),147000000.0,LS,Uttar Pradesh,,PUSHPENDRA SAROJ,LS_PUSHPENDRA SAROJ
348,Andhra Pradesh,Putta Mahesh Kumar,ELURU,147000000.0,LS,Andhra Pradesh,,PUTTA MAHESH KUMAR,LS_PUTTA MAHESH KUMAR
349,Uttar Pradesh,R.K. CHAUDHARY,MOHANLALGANJ(SC),147000000.0,LS,Uttar Pradesh,,R K CHAUDHARY,LS_R K CHAUDHARY
350,Odisha,RABINDRA NARAYAN BEHERA,JAJPUR(SC),147064617.11,LS,Odisha,,RABINDRA NARAYAN BEHERA,LS_RABINDRA NARAYAN BEHERA
351,West Bengal,RACHNA BANERJEE,HOOGHLY,147000000.0,LS,West Bengal,,RACHNA BANERJEE,LS_RACHNA BANERJEE
352,Bihar,Radha Mohan Singh,PURVI CHAMPARAN,147000000.0,LS,Bihar,,RADHA MOHAN SINGH,LS_RADHA MOHAN SINGH
353,Karnataka,RADHAKRISHNA,GULBARGA(SC),147000000.0,LS,Karnataka,,RADHAKRISHNA,LS_RADHAKRISHNA
354,Chhattisgarh,RADHE SHYAM RATHIYA,RAIGARH(ST),159706972.09,LS,Chhattisgarh,,RADHE SHYAM RATHIYA,LS_RADHE SHYAM RATHIYA
355,Uttar Pradesh,RAHUL GANDHI,RAE BARELI,147000000.0,LS,Uttar Pradesh,,RAHUL GANDHI,LS_RAHUL GANDHI
356,Rajasthan,Rahul Kaswan,CHURU,147000000.0,LS,Rajasthan,,RAHUL KASWAN,LS_RAHUL KASWAN
357,Madhya Pradesh,RAHUL SINGH LODHI,DAMOH,163058785.37,LS,Madhya Pradesh,,RAHUL SINGH LODHI,LS_RAHUL SINGH LODHI
358,Bihar,RAJ BHUSHAN CHOUDHARY,MUZAFFARPUR,147000000.0,LS,Bihar,,RAJ BHUSHAN CHOUDHARY,LS_RAJ BHUSHAN CHOUDHARY
359,Rajasthan,RAJ KUMAR ROAT,BANSWARA(ST),147000000.0,LS,Rajasthan,,RAJ KUMAR ROAT,LS_RAJ KUMAR ROAT
360,Bihar,RAJA RAM SINGH,KARAKAT,147000000.0,LS,Bihar,,RAJA RAM SINGH,LS_RAJA RAM SINGH
361,Maharashtra,RAJABHAU,NASHIK,152878682.11,LS,Maharashtra,,RAJABHAU,LS_RAJABHAU
362,Himachal Pradesh,RAJEEV BHARDWAJ,KANGRA,179388967.11,LS,Himachal Pradesh,,RAJEEV BHARDWAJ,LS_RAJEEV BHARDWAJ
363,Uttar Pradesh,RAJEEV RAI,GHOSI,147000000.0,LS,Uttar Pradesh,,RAJEEV RAI,LS_RAJEEV RAI
364,Bihar,RAJESH RANJAN ALIAS PAPPU YADAV,PURNEA,147000000.0,LS,Bihar,,RAJESH RANJAN ALIAS PAPPU YADAV,LS_RAJESH RANJAN ALIAS PAPPU YADAV
365,Bihar,RAJESH VERMA,KHAGARIA,147000000.0,LS,Bihar,,RAJESH VERMA,LS_RAJESH VERMA
366,Gujarat,Rajeshbhai Naranbhai Chudasama,JUNAGADH,147000000.0,LS,Gujarat,,RAJESHBHAI NARANBHAI CHUDASAMA,LS_RAJESHBHAI NARANBHAI CHUDASAMA
367,Bihar,Rajiv Pratap Rudy,SARAN,147000000.0,LS,Bihar,,RAJIV PRATAP RUDY,LS_RAJIV PRATAP RUDY
368,Bihar,Rajiv Ranjan (Lalan) Singh,MUNGER,147000000.0,LS,Bihar,,RAJIV RANJAN LALAN SINGH,LS_RAJIV RANJAN LALAN SINGH
369,Uttar Pradesh,Rajkumar Chahar,FATEHPUR SIKRI,147000000.0,LS,Uttar Pradesh,,RAJKUMAR CHAHAR,LS_RAJKUMAR CHAHAR
370,Uttar Pradesh,Rajnath Singh,LUCKNOW,154808797.11,LS,Uttar Pradesh,,RAJNATH SINGH,LS_RAJNATH SINGH
371,Gujarat,RAJPALSINH MAHENDRASINH JADAV,PANCHMAHAL,147000000.0,LS,Gujarat,,RAJPALSINH MAHENDRASINH JADAV,LS_RAJPALSINH MAHENDRASINH JADAV
372,West Bengal,Raju Bista,DARJEELING,147000000.0,LS,West Bengal,,RAJU BISTA,LS_RAJU BISTA
373,Uttar Pradesh,RAKESH RATHOR,SITAPUR,147000000.0,LS,Uttar Pradesh,,RAKESH RATHOR,LS_RAKESH RATHOR
374,Assam,RAKIBUL HUSSAIN,DHUBRI,147000000.0,LS,Assam,,RAKIBUL HUSSAIN,LS_RAKIBUL HUSSAIN
375,Uttar Pradesh,RAM PRASAD CHAUDHARY,BASTI,204176957.11,LS,Uttar Pradesh,,RAM PRASAD CHAUDHARY,LS_RAM PRASAD CHAUDHARY
376,Uttar Pradesh,Ram Shiromani,SHRAWASTI,151746878.11,LS,Uttar Pradesh,,RAM SHIROMANI,LS_RAM SHIROMANI
377,Telangana,RAMASAHAYAM RAGHURAM REDDY,KHAMMAM,147000000.0,LS,Telangana,,RAMASAHAYAM RAGHURAM REDDY,LS_RAMASAHAYAM RAGHURAM REDDY
378,Uttar Pradesh,RAMASHANKAR RAJBHAR,SALEMPUR,160056927.07,LS,Uttar Pradesh,,RAMASHANKAR RAJBHAR,LS_RAMASHANKAR RAJBHAR
379,Uttar Pradesh,RAMBHUAL NISHAD,SULTANPUR,151231957.11,LS,Uttar Pradesh,,RAMBHUAL NISHAD,LS_RAMBHUAL NISHAD
380,Uttar Pradesh,RAMESH AWASTHI,KANPUR,147000000.0,LS,Uttar Pradesh,,RAMESH AWASTHI,LS_RAMESH AWASTHI
381,Karnataka,Ramesh Chandappa Jigajinagi,BIJAPUR(SC),269500000.0,LS,Karnataka,,RAMESH CHANDAPPA JIGAJINAGI,LS_RAMESH CHANDAPPA JIGAJINAGI
382,Bihar,Ramprit Mandal,JHANJHARPUR,147000000.0,LS,Bihar,,RAMPRIT MANDAL,LS_RAMPRIT MANDAL
383,Delhi,Ramvir Singh Bidhuri,SOUTH DELHI,147559100.0,LS,Delhi,,RAMVIR SINGH BIDHURI,LS_RAMVIR SINGH BIDHURI
384,Assam,RANJIT DUTTA,Sonitpur,147000000.0,LS,Assam,,RANJIT DUTTA,LS_RANJIT DUTTA
385,Haryana,Rao Inderjit Singh,GURGAON,147000000.0,LS,Haryana,,RAO INDERJIT SINGH,LS_RAO INDERJIT SINGH
386,Rajasthan,Rao Rajendra Singh,JAIPUR RURAL,147000000.0,LS,Rajasthan,,RAO RAJENDRA SINGH,LS_RAO RAJENDRA SINGH
387,Bihar,Ravi Shankar Prasad,PATNA SAHIB,147000000.0,LS,Bihar,,RAVI SHANKAR PRASAD,LS_RAVI SHANKAR PRASAD
388,Maharashtra,RAVINDRA DATTARAM WAIKAR,MUMBAI NORTH WEST,147000000.0,LS,Maharashtra,,RAVINDRA DATTARAM WAIKAR,LS_RAVINDRA DATTARAM WAIKAR
389,Uttar Pradesh,Ravindra Shyamnarayan Alias Ravi Kishan Shukla,GORAKHPUR,147000000.0,LS,Uttar Pradesh,,RAVINDRA SHYAMNARAYAN ALIAS RAVI KISHAN SHUKLA,LS_RAVINDRA SHYAMNARAYAN ALIAS RAVI KISHAN SHUKLA
390,Maharashtra,Ravindra Vasantrao Chavan,NANDED,147000000.0,LS,Maharashtra,,RAVINDRA VASANTRAO CHAVAN,LS_RAVINDRA VASANTRAO CHAVAN
391,Mizoram,RICHARD VANLALHMANGAIHA,MIZORAM (ST),147000000.0,LS,Mizoram,,RICHARD VANLALHMANGAIHA,LS_RICHARD VANLALHMANGAIHA
392,Tamil Nadu,ROBERT BRUCE C,TIRUNELVELI,147475440.11,LS,Tamil Nadu,,ROBERT BRUCE C,LS_ROBERT BRUCE C
393,Madhya Pradesh,Rodmal Nagar,RAJGARH,147000000.0,LS,Madhya Pradesh,,RODMAL NAGAR,LS_RODMAL NAGAR
394,Chhattisgarh,ROOP KUMARI CHOUDHARY,MAHASAMUND,153035414.0,LS,Chhattisgarh,,ROOP KUMARI CHOUDHARY,LS_ROOP KUMARI CHOUDHARY
395,Uttar Pradesh,RUCHI VIRA,MORADABAD,147000000.0,LS,Uttar Pradesh,,RUCHI VIRA,LS_RUCHI VIRA
396,Odisha,RUDRA NARAYAN PANY,DHENKANAL,155013957.11,LS,Odisha,,RUDRA NARAYAN PANY,LS_RUDRA NARAYAN PANY
397,Nagaland,S SUPONGMEREN JAMIR,NAGALAND,147000000.0,LS,Nagaland,,S SUPONGMEREN JAMIR,LS_S SUPONGMEREN JAMIR
398,Tamil Nadu,S Venkatesan,MADURAI,147000000.0,LS,Tamil Nadu,,S VENKATESAN,LS_S VENKATESAN
399,Tamil Nadu,S. Jagathrakshakan,ARAKKONAM,180589332.34,LS,Tamil Nadu,,S JAGATHRAKSHAKAN,LS_S JAGATHRAKSHAKAN
400,Tamil Nadu,SACHITHANANTHAM R,DINDIGUL,147000000.0,LS,Tamil Nadu,,SACHITHANANTHAM R,LS_SACHITHANANTHAM R
401,Karnataka,SAGAR ESHWAR KHANDRE,BIDAR,147000000.0,LS,Karnataka,,SAGAR ESHWAR KHANDRE,LS_SAGAR ESHWAR KHANDRE
402,Meghalaya,SALENG A SANGMA,TURA,147000000.0,LS,Meghalaya,,SALENG A SANGMA,LS_SALENG A SANGMA
403,Odisha,SAMBIT PATRA,PURI,147000000.0,LS,Odisha,,SAMBIT PATRA,LS_SAMBIT PATRA
404,Uttar Pradesh,SANATAN PANDEY,BALLIA,180420041.4,LS,Uttar Pradesh,,SANATAN PANDEY,LS_SANATAN PANDEY
405,Maharashtra,SANJAY DINA PATIL,MUMBAI NORTH EAST,147000000.0,LS,Maharashtra,,SANJAY DINA PATIL,LS_SANJAY DINA PATIL
406,Maharashtra,Sanjay Haribhau Jadhav,PARBHANI,147000000.0,LS,Maharashtra,,SANJAY HARIBHAU JADHAV,LS_SANJAY HARIBHAU JADHAV
407,Bihar,Sanjay Jaiswal,PASCHIM CHAMPARAN,147000000.0,LS,Bihar,,SANJAY JAISWAL,LS_SANJAY JAISWAL
408,Telangana,Sanjay Kumar Bandi,KARIMNAGAR,172775317.11,LS,Telangana,,SANJAY KUMAR BANDI,LS_SANJAY KUMAR BANDI
409,Jharkhand,Sanjay Seth,RANCHI,147064357.11,LS,Jharkhand,,SANJAY SETH,LS_SANJAY SETH
410,Maharashtra,Sanjay Uttamrao Deshmukh,YAVATMAL-WASHIM,185640423.0,LS,Maharashtra,,SANJAY UTTAMRAO DESHMUKH,LS_SANJAY UTTAMRAO DESHMUKH
411,Rajasthan,SANJNA JATAV,BHARATPUR(SC),147000000.0,LS,Rajasthan,,SANJNA JATAV,LS_SANJNA JATAV
412,Chhattisgarh,Santosh Pandey,RAJNANDGAON,147000000.0,LS,Chhattisgarh,,SANTOSH PANDEY,LS_SANTOSH PANDEY
413,Odisha,Saptagiri Sankar Ulaka,KORAPUT(ST),269500000.0,LS,Odisha,,SAPTAGIRI SANKAR ULAKA,LS_SAPTAGIRI SANKAR ULAKA
414,Punjab,SARABJEET SINGH KHALSA,FARIDKOT(SC),150850348.15,LS,Punjab,,SARABJEET SINGH KHALSA,LS_SARABJEET SINGH KHALSA
415,Tamil Nadu,Sasikanth Senthil,TIRUVALLUR(SC),171500000.0,LS,Tamil Nadu,,SASIKANTH SENTHIL,LS_SASIKANTH SENTHIL
416,Haryana,SATPAL BRAHAMCHARI,SONEPAT,147000000.0,LS,Haryana,,SATPAL BRAHAMCHARI,LS_SATPAL BRAHAMCHARI
417,West Bengal,Saumitra khan,BISHNUPUR(SC),147000000.0,LS,West Bengal,,SAUMITRA KHAN,LS_SAUMITRA KHAN
418,Madhya Pradesh,SAVITRI THAKUR,DHAR(ST),147000000.0,LS,Madhya Pradesh,,SAVITRI THAKUR,LS_SAVITRI THAKUR
419,West Bengal,SAYANI GHOSH,JADAVPUR,147000000.0,LS,West Bengal,,SAYANI GHOSH,LS_SAYANI GHOSH
420,Haryana,SELJA,SIRSA(SC),147000000.0,LS,Haryana,,SELJA,LS_SELJA
421,Tamil Nadu,SELVAGANAPATHI T M,SALEM,147000000.0,LS,Tamil Nadu,,SELVAGANAPATHI T M,LS_SELVAGANAPATHI T M
422,Tamil Nadu,SELVARAJ V,NAGAPATTINAM(SC),147000000.0,LS,Tamil Nadu,,SELVARAJ V,LS_SELVARAJ V
423,Kerala,SHAFI PARAMBIL,VADAKARA,147000000.0,LS,Kerala,,SHAFI PARAMBIL,LS_SHAFI PARAMBIL
424,Bihar,SHAMBHAVI,SAMASTIPUR(SC),147000000.0,LS,Bihar,,SHAMBHAVI,LS_SHAMBHAVI
425,Madhya Pradesh,Shankar Lalwani,INDORE,147000000.0,LS,Madhya Pradesh,,SHANKAR LALWANI,LS_SHANKAR LALWANI
426,Uttar Pradesh,SHASHANK MANI,DEORIA,147000000.0,LS,Uttar Pradesh,,SHASHANK MANI,LS_SHASHANK MANI
427,West Bengal,Shatrughan Sinha,ASANSOL,147000000.0,LS,West Bengal,,SHATRUGHAN SINHA,LS_SHATRUGHAN SINHA
428,Punjab,SHER SINGH GHUBAYA,FIROZPUR,147000000.0,LS,Punjab,,SHER SINGH GHUBAYA,LS_SHER SINGH GHUBAYA
429,Madhya Pradesh,SHIVMANGAL SINGH TOMAR,MORENA,147000000.0,LS,Madhya Pradesh,,SHIVMANGAL SINGH TOMAR,LS_SHIVMANGAL SINGH TOMAR
430,Madhya Pradesh,SHIVRAJ SINGH CHOUHAN,VIDISHA,147000000.0,LS,Madhya Pradesh,,SHIVRAJ SINGH CHOUHAN,LS_SHIVRAJ SINGH CHOUHAN
431,Karnataka,SHOBHA KARANDLAJE,BANGALORE NORTH,147000000.0,LS,Karnataka,,SHOBHA KARANDLAJE,LS_SHOBHA KARANDLAJE
432,Gujarat,SHOBHANABEN MAHENDRASINH BARAIYA,SABARKANTHA,147000000.0,LS,Gujarat,,SHOBHANABEN MAHENDRASINH BARAIYA,LS_SHOBHANABEN MAHENDRASINH BARAIYA
433,Karnataka,SHREYAS. M. PATEL,HASSAN,147000000.0,LS,Karnataka,,SHREYAS M PATEL,LS_SHREYAS M PATEL
434,Haryana,Shri Dharambir Singh,BHIWANI MAHENDRAGARH,147000000.0,LS,Haryana,,DHARAMBIR SINGH,LS_DHARAMBIR SINGH
435,West Bengal,Shri Abhishek Banerjee,DIAMOND HARBOUR,147000000.0,LS,West Bengal,,ABHISHEK BANERJEE,LS_ABHISHEK BANERJEE
436,Punjab,Shri Amar Singh,FATEHGARH SAHIB(SC),147000000.0,LS,Punjab,,AMAR SINGH,LS_AMAR SINGH
437,Gujarat,Shri Amit Shah,GANDHINAGAR,147000000.0,LS,Gujarat,,AMIT SHAH,LS_AMIT SHAH
438,Madhya Pradesh,Shri Anil Firojiya,UJJAIN(SC),147000000.0,LS,Madhya Pradesh,,ANIL FIROJIYA,LS_ANIL FIROJIYA
439,Rajasthan,Shri Arjun Ram Meghwal,BIKANER(SC),147000000.0,LS,Rajasthan,,ARJUN RAM MEGHWAL,LS_ARJUN RAM MEGHWAL
440,Uttar Pradesh,Shri Arun Kumar Sagar,SHAHJAHANPUR(SC),147000000.0,LS,Uttar Pradesh,,ARUN KUMAR SAGAR,LS_ARUN KUMAR SAGAR
441,Karnataka,Shri B Y Raghavendra,SHIMOGA,147000000.0,LS,Karnataka,,B Y RAGHAVENDRA,LS_B Y RAGHAVENDRA
442,Kerala,Shri Benny Behanan,CHALAKUDY,147000000.0,LS,Kerala,,BENNY BEHANAN,LS_BENNY BEHANAN
443,Odisha,Shri Bhartruhari Mahtab,CUTTACK,147000000.0,LS,Odisha,,BHARTRUHARI MAHTAB,LS_BHARTRUHARI MAHTAB
444,Jharkhand,Shri Chandra Prakash Choudhary,GIRIDIH,147000000.0,LS,Jharkhand,,CHANDRA PRAKASH CHOUDHARY,LS_CHANDRA PRAKASH CHOUDHARY
445,West Bengal,Shri Deepak (Dev) Adhikari,GHATAL,200747364.0,LS,West Bengal,,DEEPAK DEV ADHIKARI,LS_DEEPAK DEV ADHIKARI
446,Punjab,Shri Gurjeet Singh Aujla,AMRITSAR,147000000.0,LS,Punjab,,GURJEET SINGH AUJLA,LS_GURJEET SINGH AUJLA
447,Rajasthan,Shri Hanuman Beniwal,NAGAUR,147000000.0,LS,Rajasthan,,HANUMAN BENIWAL,LS_HANUMAN BENIWAL
448,Kerala,Shri Hibi Eden,ERNAKULAM,162177260.11,LS,Kerala,,HIBI EDEN,LS_HIBI EDEN
449,Bihar,Shri Janardan Singh Sigriwal,MAHARAJGANJ_BR,147000000.0,LS,Bihar,,JANARDAN SINGH SIGRIWAL,LS_JANARDAN SINGH SIGRIWAL
450,Odisha,Shri Jual Oram,SUNDARGARH (ST),173096756.91,LS,Odisha,,JUAL ORAM,LS_JUAL ORAM
451,Jammu And Kashmir,Shri Jugal Kishore Sharma,JAMMU,147000000.0,LS,Jammu And Kashmir,,JUGAL KISHORE SHARMA,LS_JUGAL KISHORE SHARMA
452,West Bengal,Shri Jyotirmay Singh Mahato,PURULIA,147000000.0,LS,West Bengal,,JYOTIRMAY SINGH MAHATO,LS_JYOTIRMAY SINGH MAHATO
453,Tamil Nadu,Shri Karti P Chidambaram,SIVAGANGA,159049284.11,LS,Tamil Nadu,,KARTI P CHIDAMBARAM,LS_KARTI P CHIDAMBARAM
454,Kerala,Shri Kumbakudi Sudhakaran,KANNUR,147000000.0,LS,Kerala,,KUMBAKUDI SUDHAKARAN,LS_KUMBAKUDI SUDHAKARAN
455,Karnataka,Shri LS Tejasvi Surya,BANGALORE SOUTH,147000000.0,LS,Karnataka,,LS TEJASVI SURYA,LS_LS TEJASVI SURYA
456,Kerala,Shri M K Raghavan,KOZHIKODE,147000000.0,LS,Kerala,,M K RAGHAVAN,LS_M K RAGHAVAN
457,Uttar Pradesh,Shri Narendra Modi,VARANASI,162070276.11,LS,Uttar Pradesh,,NARENDRA MODI,LS_NARENDRA MODI
458,Kerala,Shri NK Premachandran,KOLLAM,171477994.11,LS,Kerala,,NK PREMACHANDRAN,LS_NK PREMACHANDRAN
459,Rajasthan,Shri PP Chaudhary,PALI,147000000.0,LS,Rajasthan,,PP CHAUDHARY,LS_PP CHAUDHARY
460,Kerala,Shri Rajmohan Unnithan,KASARAGOD,156754633.11,LS,Kerala,,RAJMOHAN UNNITHAN,LS_RAJMOHAN UNNITHAN
461,Assam,Shri Sarbananda Sonowal (18LS),DIBRUGARH,147000000.0,LS,Assam,,SARBANANDA SONOWAL,LS_SARBANANDA SONOWAL
462,Uttar Pradesh,Shri Satish Kumar Gautam,ALIGARH,147000000.0,LS,Uttar Pradesh,,SATISH KUMAR GAUTAM,LS_SATISH KUMAR GAUTAM
463,West Bengal,Shri Shantanu Thakur,BANGAON(SC),147000000.0,LS,West Bengal,,SHANTANU THAKUR,LS_SHANTANU THAKUR
464,Madhya Pradesh,Shri Sudheer Gupta,MANDSOUR,148988014.83,LS,Madhya Pradesh,,SUDHEER GUPTA,LS_SUDHEER GUPTA
465,Kerala,Shri Suresh Kodikunnil,MAVELIKKARA(SC),172429519.11,LS,Kerala,,SURESH KODIKUNNIL,LS_SURESH KODIKUNNIL
466,Arunachal Pradesh,Shri Tapir Gao,ARUNACHAL EAST,147000000.0,LS,Arunachal Pradesh,,TAPIR GAO,LS_TAPIR GAO
467,Tamil Nadu,Shri vijayakumar Vasanth,KANNIYAKUMARI,171500000.0,LS,Tamil Nadu,,VIJAYAKUMAR VASANTH,LS_VIJAYAKUMAR VASANTH
468,Maharashtra,Shrikant Eknath Shinde,KALYAN,147000000.0,LS,Maharashtra,,SHRIKANT EKNATH SHINDE,LS_SHRIKANT EKNATH SHINDE
469,Maharashtra,SHRIMANT CHH UDAYANRAJE PRATAPSINHAMAHARAJ BHONSLE,SATARA,147000000.0,LS,Maharashtra,,SHRIMANT CHH UDAYANRAJE PRATAPSINHAMAHARAJ BHONSLE,LS_SHRIMANT CHH UDAYANRAJE PRATAPSINHAMAHARAJ BHONSLE
470,Goa,Shripad Yesso Naik,NORTH GOA,147000000.0,LS,Goa,,SHRIPAD YESSO NAIK,LS_SHRIPAD YESSO NAIK
471,Maharashtra,Shrirang Appa Barne,MAVAL,147000000.0,LS,Maharashtra,,SHRIRANG APPA BARNE,LS_SHRIRANG APPA BARNE
472,Maharashtra,Shyamkumar,RAMTEK(SC),147000000.0,LS,Maharashtra,,SHYAMKUMAR,LS_SHYAMKUMAR
473,Andhra Pradesh,Sivanath Kesineni,VIJAYAWADA,147000000.0,LS,Andhra Pradesh,,SIVANATH KESINENI,LS_SIVANATH KESINENI
474,West Bengal,SK NURUL ISLAM,BASIRHAT,49000000.0,LS,West Bengal,,SK NURUL ISLAM,LS_SK NURUL ISLAM
475,Maharashtra,SMITA UDAY WAGH,JALGAON,148107373.11,LS,Maharashtra,,SMITA UDAY WAGH,LS_SMITA UDAY WAGH
476,Uttar Pradesh,Smt Anupriya Patel,MIRZAPUR,147000000.0,LS,Uttar Pradesh,,ANUPRIYA PATEL,LS_ANUPRIYA PATEL
477,Odisha,Smt Aparajita Sarangi,BHUBANESWAR,147420861.41,LS,Odisha,,APARAJITA SARANGI,LS_APARAJITA SARANGI
478,Uttar Pradesh,Smt Dimple Yadav,MAINPURI,192042469.11,LS,Uttar Pradesh,,DIMPLE YADAV,LS_DIMPLE YADAV
479,Punjab,Smt Harsimrat Kaur Badal,BHATINDA,159775982.39,LS,Punjab,,HARSIMRAT KAUR BADAL,LS_HARSIMRAT KAUR BADAL
480,Uttar Pradesh,Smt Hema Malini,MATHURA,147000000.0,LS,Uttar Pradesh,,HEMA MALINI,LS_HEMA MALINI
481,Madhya Pradesh,Smt Himadri Singh,SHAHDOL (ST),150724861.11,LS,Madhya Pradesh,,HIMADRI SINGH,LS_HIMADRI SINGH
482,Gujarat,Smt Poonamben Hematbhai Maadam,JAMNAGAR,147000000.0,LS,Gujarat,,POONAMBEN HEMATBHAI MAADAM,LS_POONAMBEN HEMATBHAI MAADAM
483,Maharashtra,Smt Raksha Nikhil Khadse,RAVER,153112586.11,LS,Maharashtra,,RAKSHA NIKHIL KHADSE,LS_RAKSHA NIKHIL KHADSE
484,Tamil Nadu,Smt S Jothimani,KARUR,147000000.0,LS,Tamil Nadu,,S JOTHIMANI,LS_S JOTHIMANI
485,West Bengal,Smt Sajda Ahmed,ULUBERIA,147000000.0,LS,West Bengal,,SAJDA AHMED,LS_SAJDA AHMED
486,Madhya Pradesh,Smt Sandhya Ray,BHIND(SC),147000000.0,LS,Madhya Pradesh,,SANDHYA RAY,LS_SANDHYA RAY
487,Odisha,Smt Sangeeta Kumari Singh Deo,BOLANGIR,147000000.0,LS,Odisha,,SANGEETA KUMARI SINGH DEO,LS_SANGEETA KUMARI SINGH DEO
488,West Bengal,Smt Satabdi Roy (Banerjee),BIRBHUM,147000000.0,LS,West Bengal,,SATABDI ROY,LS_SATABDI ROY
489,Maharashtra,Smt Supriya Sadanand Sule,BARAMATI,147000000.0,LS,Maharashtra,,SUPRIYA SADANAND SULE,LS_SUPRIYA SADANAND SULE
490,Bihar,Smt Veena Devi,VAISHALI,147000000.0,LS,Bihar,,VEENA DEVI,LS_VEENA DEVI
491,Andhra Pradesh,Sribharat MathuKumli,VISAKHAPATNAM,164841922.0,LS,Andhra Pradesh,,SRIBHARAT MATHUKUMLI,LS_SRIBHARAT MATHUKUMLI
492,Bihar,SUDAMA PRASAD,ARRAH,147000000.0,LS,Bihar,,SUDAMA PRASAD,LS_SUDAMA PRASAD
493,Tamil Nadu,SUDHA R,MAYILADUTHURAI,147332315.11,LS,Tamil Nadu,,SUDHA R,LS_SUDHA R
494,Bihar,SUDHAKAR SINGH,BUXAR,185211956.54,LS,Bihar,,SUDHAKAR SINGH,LS_SUDHAKAR SINGH
495,West Bengal,Sudip Bandyopadhyay,KOLKATA UTTAR,147000000.0,LS,West Bengal,,SUDIP BANDYOPADHYAY,LS_SUDIP BANDYOPADHYAY
496,Odisha,SUKANTA KUMAR PANIGRAHI,KANDHAMAL,190712424.11,LS,Odisha,,SUKANTA KUMAR PANIGRAHI,LS_SUKANTA KUMAR PANIGRAHI
497,Jharkhand,SUKHDEO BHAGAT,LOHARDAGA(ST),171821957.11,LS,Jharkhand,,SUKHDEO BHAGAT,LS_SUKHDEO BHAGAT
498,Punjab,SUKHJINDER SINGH RANDHAWA,GURDASPUR,147000000.0,LS,Punjab,,SUKHJINDER SINGH RANDHAWA,LS_SUKHJINDER SINGH RANDHAWA
499,Karnataka,SUNIL BOSE,CHAMARAJANAGAR(SC),147000000.0,LS,Karnataka,,SUNIL BOSE,LS_SUNIL BOSE
500,Maharashtra,Sunil Dattatray Tatkare,RAIGAD,147000000.0,LS,Maharashtra,,SUNIL DATTATRAY TATKARE,LS_SUNIL DATTATRAY TATKARE
501,Bihar,Sunil Kumar,VALMIKI NAGAR,147000000.0,LS,Bihar,,SUNIL KUMAR,LS_SUNIL KUMAR
502,Bihar,SURENDRA PRASAD YADAV,JAHANABAD,155325714.0,LS,Bihar,,SURENDRA PRASAD YADAV,LS_SURENDRA PRASAD YADAV
503,Kerala,SURESH GOPI,THRISSUR,147000000.0,LS,Kerala,,SURESH GOPI,LS_SURESH GOPI
504,Himachal Pradesh,Suresh Kumar Kashyap,SHIMLA (SC),153563957.11,LS,Himachal Pradesh,,SURESH KUMAR KASHYAP,LS_SURESH KUMAR KASHYAP
505,Telangana,SURESH KUMAR SHETKAR,ZAHIRABAD,147000000.0,LS,Telangana,,SURESH KUMAR SHETKAR,LS_SURESH KUMAR SHETKAR
506,Uttar Pradesh,Swami Sachchidanandhari Sakshi ji Maharaj,UNNAO,147000000.0,LS,Uttar Pradesh,,SWAMI SACHCHIDANANDHARI SAKSHI JI MAHARAJ,LS_SWAMI SACHCHIDANANDHARI SAKSHI JI MAHARAJ
507,Tamil Nadu,T Sumathy (A) Thamizhachi Thangapandian,CHENNAI SOUTH,147000000.0,LS,Tamil Nadu,,T SUMATHY A THAMIZHACHI THANGAPANDIAN,LS_T SUMATHY A THAMIZHACHI THANGAPANDIAN
508,Andhra Pradesh,TANGELLA UDAY SRINIVAS,KAKINADA,199417886.76,LS,Andhra Pradesh,,TANGELLA UDAY SRINIVAS,LS_TANGELLA UDAY SRINIVAS
509,Uttar Pradesh,TANUJ PUNIA,BARABANKI(SC),148198170.11,LS,Uttar Pradesh,,TANUJ PUNIA,LS_TANUJ PUNIA
510,Bihar,TARIQ ANWAR,KATIHAR,147000000.0,LS,Bihar,,TARIQ ANWAR,LS_TARIQ ANWAR
511,Tamil Nadu,Thalikkottai Rajuthevar Baalu,SRIPERUMBUDUR,196905535.11,LS,Tamil Nadu,,THALIKKOTTAI RAJUTHEVAR BAALU,LS_THALIKKOTTAI RAJUTHEVAR BAALU
512,Tamil Nadu,THANGA TAMILSELVAN,THENI,147000000.0,LS,Tamil Nadu,,THANGA TAMILSELVAN,LS_THANGA TAMILSELVAN
513,Tamil Nadu,THARANIVENTHAN M S,ARANI,168337124.35,LS,Tamil Nadu,,THARANIVENTHAN M S,LS_THARANIVENTHAN M S
514,Tamil Nadu,Thiru Dayanidhi Maran,CHENNAI CENTRAL,147000000.0,LS,Tamil Nadu,,THIRU DAYANIDHI MARAN,LS_THIRU DAYANIDHI MARAN
515,Tamil Nadu,Thirumaa Valavan Thol,CHIDAMBARAM(SC),147000000.0,LS,Tamil Nadu,,THIRUMAA VALAVAN THOL,LS_THIRUMAA VALAVAN THOL
516,Chhattisgarh,TOKHAN SAHU,BILASPUR,147000000.0,LS,Chhattisgarh,,TOKHAN SAHU,LS_TOKHAN SAHU
517,Uttarakhand,TRIVENDRA SINGH RAWAT,HARDWAR,147000000.0,LS,Uttarakhand,,TRIVENDRA SINGH RAWAT,LS_TRIVENDRA SINGH RAWAT
518,Uttar Pradesh,UJJWAL RAMAN SINGH,ALLAHABAD,147000000.0,LS,Uttar Pradesh,,UJJWAL RAMAN SINGH,LS_UJJWAL RAMAN SINGH
519,Rajasthan,UMMEDA RAM BENIWAL,BARMER,147000000.0,LS,Rajasthan,,UMMEDA RAM BENIWAL,LS_UMMEDA RAM BENIWAL
520,Uttar Pradesh,UTKARSH VERMA MADHUR,KHERI,147000000.0,LS,Uttar Pradesh,,UTKARSH VERMA MADHUR,LS_UTKARSH VERMA MADHUR
521,Tamil Nadu,V S Matheswaran,NAMAKKAL,162539930.11,LS,Tamil Nadu,,V S MATHESWARAN,LS_V S MATHESWARAN
522,Karnataka,V. SOMANNA,TUMKUR,147000000.0,LS,Karnataka,,V SOMANNA,LS_V SOMANNA
523,Puducherry,Vaithilingam Ve,Puducherry,209368972.11,LS,Puducherry,,VAITHILINGAM VE,LS_VAITHILINGAM VE
524,Telangana,VAMSI KRISHNA GADDAM,PEDDAPALLE,148451721.11,LS,Telangana,,VAMSI KRISHNA GADDAM,LS_VAMSI KRISHNA GADDAM
525,Haryana,VARUN CHAUDHRY,AMBALA (SC),255454264.0,LS,Haryana,,VARUN CHAUDHRY,LS_VARUN CHAUDHRY
526,Kerala,Vellalath Kochukrishnan Nair Sreekandan,PALAKKAD,147000000.0,LS,Kerala,,VELLALATH KOCHUKRISHNAN NAIR SREEKANDAN,LS_VELLALATH KOCHUKRISHNAN NAIR SREEKANDAN
527,Chhattisgarh,Vijay Baghel,DURG,147000000.0,LS,Chhattisgarh,,VIJAY BAGHEL,LS_VIJAY BAGHEL
528,Uttar Pradesh,Vijay Kumar Dubey,KUSHI NAGAR,148900000.0,LS,Uttar Pradesh,,VIJAY KUMAR DUBEY,LS_VIJAY KUMAR DUBEY
529,Jharkhand,Vijay Kumar Hansdak,RAJMAHAL(ST),147223957.11,LS,Jharkhand,,VIJAY KUMAR HANSDAK,LS_VIJAY KUMAR HANSDAK
530,Bihar,VIJAYLAKSHMI DEVI,SIWAN,147000000.0,LS,Bihar,,VIJAYLAKSHMI DEVI,LS_VIJAYLAKSHMI DEVI
531,Gujarat,Vinod Chavda,KACHCHH(SC),147000000.0,LS,Gujarat,,VINOD CHAVDA,LS_VINOD CHAVDA
532,Uttar Pradesh,VINOD KUMAR BIND,BHADOHI,147000000.0,LS,Uttar Pradesh,,VINOD KUMAR BIND,LS_VINOD KUMAR BIND
533,Madhya Pradesh,Virendra Kumar,TIKAMGARH(SC),147000000.0,LS,Madhya Pradesh,,VIRENDRA KUMAR,LS_VIRENDRA KUMAR
534,Uttar Pradesh,VIRENDRA SINGH,CHANDAULI,147000000.0,LS,Uttar Pradesh,,VIRENDRA SINGH,LS_VIRENDRA SINGH
535,Maharashtra,VISHAL,SANGLI,147000000.0,LS,Maharashtra,,VISHAL,LS_VISHAL
536,Jharkhand,Vishnu Dayal Ram,PALAMU(SC),158176083.11,LS,Jharkhand,,VISHNU DAYAL RAM,LS_VISHNU DAYAL RAM
537,Madhya Pradesh,Vishnu Dutt Sharma,KHAJURAHO,147000000.0,LS,Madhya Pradesh,,VISHNU DUTT SHARMA,LS_VISHNU DUTT SHARMA
538,Karnataka,VISHWESHWAR HEGDE KAGERI,UTTARA KANNADA,147000000.0,LS,Karnataka,,VISHWESHWAR HEGDE KAGERI,LS_VISHWESHWAR HEGDE KAGERI
539,Bihar,VIVEK THAKUR,NAWADA,147000000.0,LS,Bihar,,VIVEK THAKUR,LS_VIVEK THAKUR
540,Andhra Pradesh,Y S Avinash Reddy,KADAPA,156430260.11,LS,Andhra Pradesh,,Y S AVINASH REDDY,LS_Y S AVINASH REDDY
541,Karnataka,YADUVEER KRISHNADATTA CHAMARAJA WADIYAR,MYSORE,147000000.0,LS,Karnataka,,YADUVEER KRISHNADATTA CHAMARAJA WADIYAR,LS_YADUVEER KRISHNADATTA CHAMARAJA WADIYAR
542,Delhi,Yogendra Chandoliya,NORTH WEST DELHI(SC),147876307.0,LS,Delhi,,YOGENDRA CHANDOLIYA,LS_YOGENDRA CHANDOLIYA
543,Uttar Pradesh,ZIA UR REHMAN,SAMBHAL,147000000.0,LS,Uttar Pradesh,,ZIA UR REHMAN,LS_ZIA UR REHMAN
1,Telangana,Dr. Abhishek Manu Singhvi (2026-32) (2026-2032),,73421449.0,RS,Telangana,Elected MP,ABHISHEK MANU SINGHVI,RS_ABHISHEK MANU SINGHVI
2,Maharashtra,Dr. Ajeet Madhavrao Gopchade (2024-30) (2024-2030),,147000000.0,RS,Maharashtra,Elected MP,AJEET MADHAVRAO GOPCHADE,RS_AJEET MADHAVRAO GOPCHADE
3,Rajasthan,Dr. Alka Singh (2026-32) (2026-2032),,49000000.0,RS,Rajasthan,Elected MP,ALKA SINGH,RS_ALKA SINGH
4,Tamil Nadu,Dr. Anbumani Ramadoss (2026-32) (2026-2032),,49356476.5,RS,Tamil Nadu,Elected MP,ANBUMANI RAMADOSS,RS_ANBUMANI RAMADOSS
5,Maharashtra,Dr. Anil Sukhdeorao Bonde (2022-28) (2022-2028),,196063957.11,RS,Maharashtra,Elected MP,ANIL SUKHDEORAO BONDE,RS_ANIL SUKHDEORAO BONDE
6,Punjab,Dr. Ashok Kumar Mittal (2022-28) (2022-2028),,222487632.14,RS,Punjab,Elected MP,ASHOK KUMAR MITTAL,RS_ASHOK KUMAR MITTAL
7,Bihar,Dr. Bhim Singh (2024-30) (2024-2030),,186200000.0,RS,Bihar,Elected MP,BHIM SINGH,RS_BHIM SINGH
8,Karnataka,Dr. Dharmasthala Veerendra Heggade (2022-28) (2022-2028),,196063957.11,RS,Karnataka,Nominated MP,DHARMASTHALA VEERENDRA HEGGADE,RS_DHARMASTHALA VEERENDRA HEGGADE
9,Bihar,Dr. Dharmshila Gupta (2024-30) (2024-2030),,186200000.0,RS,Bihar,Elected MP,DHARMSHILA GUPTA,RS_DHARMSHILA GUPTA
10,Uttar Pradesh,Dr. Dinesh Sharma (2023-26) (2023-2026),,147000000.0,RS,Uttar Pradesh,Elected MP,DINESH SHARMA,RS_DINESH SHARMA
11,Bihar,Dr. Faiyaz Ahmad (2022-28) (2022-2028),,235263957.11,RS,Bihar,Elected MP,FAIYAZ AHMAD,RS_FAIYAZ AHMAD
12,Kerala,Dr. John Brittas (2021-27) (2021-2027),,245063957.11,RS,Kerala,Elected MP,JOHN BRITTAS,RS_JOHN BRITTAS
13,Maharashtra,Dr. Jyoti Nagnath Waghmare (2026-32) (2026-2032),,49000000.0,RS,Maharashtra,Elected MP,JYOTI NAGNATH WAGHMARE,RS_JYOTI NAGNATH WAGHMARE
14,Uttar Pradesh,Dr. K. Laxman (2022-28) (2022-2028),,197637007.11,RS,Uttar Pradesh,Elected MP,K LAXMAN,RS_K LAXMAN
15,Uttarakhand,Dr. Kalpana Saini (2022-28) (2022-2028),,200830405.8,RS,Uttarakhand,Elected MP,KALPANA SAINI,RS_KALPANA SAINI
16,Madhya Pradesh,Dr. Kavita Patidar (2022-28) (2022-2028),,197118521.35000002,RS,Madhya Pradesh,Elected MP,KAVITA PATIDAR,RS_KAVITA PATIDAR
17,Madhya Pradesh,Dr. L. Murugan (2024-30) (2024-2030),,147000000.0,RS,Madhya Pradesh,Elected MP,L MURUGAN,RS_L MURUGAN
18,Uttar Pradesh,Dr. Laxmikant Bajpayee (2022-28) (2022-2028),,196000000.0,RS,Uttar Pradesh,Elected MP,LAXMIKANT BAJPAYEE,RS_LAXMIKANT BAJPAYEE
19,Tamil Nadu,Dr. M. Dhanapal (2025-31) (2025-2031),,89248285.42,RS,Tamil Nadu,Elected MP,M DHANAPAL,RS_M DHANAPAL
20,Tamil Nadu,Dr. M. Thambi Durai (2026-32) (2026-2032),,49356476.5,RS,Tamil Nadu,Elected MP,M THAMBI DURAI,RS_M THAMBI DURAI
21,Maharashtra,Dr. Medha Vishram Kulkarni (2024-30) (2024-2030),,147000000.0,RS,Maharashtra,Elected MP,MEDHA VISHRAM KULKARNI,RS_MEDHA VISHRAM KULKARNI
22,Delhi,Dr. Meenakshi Jain (2025-31) (2025-2031),,73500000.0,RS,Delhi,Nominated MP,MEENAKSHI JAIN,RS_MEENAKSHI JAIN
23,Gujarat,Dr. Mukeshbhai J. Rathwa (2026-32) (2026-2032),,49000000.0,RS,Gujarat,Elected MP,MUKESHBHAI J RATHWA,RS_MUKESHBHAI J RATHWA
24,Gujarat,Dr. Parmar Jashvantsinh Salamsinh (2024-30) (2024-2030),,147000000.0,RS,Gujarat,Elected MP,PARMAR JASHVANTSINH SALAMSINH,RS_PARMAR JASHVANTSINH SALAMSINH
25,Uttar Pradesh,Dr. Radha Mohan Das Agrawal (2022-28) (2022-2028),,203626524.67000002,RS,Uttar Pradesh,Elected MP,RADHA MOHAN DAS AGRAWAL,RS_RADHA MOHAN DAS AGRAWAL
26,Punjab,Dr. Sandeep Kumar Pathak (2022-28) (2022-2028),,232203454.24,RS,Punjab,Elected MP,SANDEEP KUMAR PATHAK,RS_SANDEEP KUMAR PATHAK
27,Uttar Pradesh,Dr. Sangeeta Balwant (2024-30) (2024-2030),,147000000.0,RS,Uttar Pradesh,Elected MP,SANGEETA BALWANT,RS_SANGEETA BALWANT
28,Odisha,Dr. Santrupt Misra (2026-32) (2026-2032),,49000000.0,RS,Odisha,Elected MP,SANTRUPT MISRA,RS_SANTRUPT MISRA
29,Jharkhand,Dr. Sarfraz Ahmad (2024-30) (2024-2030),,178564551.09,RS,Jharkhand,Elected MP,SARFRAZ AHMAD,RS_SARFRAZ AHMAD
30,Odisha,Dr. Sasmit Patra (2022-28) (2022-2028),,196063957.11,RS,Odisha,Elected MP,SASMIT PATRA,RS_SASMIT PATRA
31,Rajasthan,Dr. Satish Poonia (2026-32) (2026-2032),,49000000.0,RS,Rajasthan,Elected MP,SATISH POONIA,RS_SATISH POONIA
32,Himachal Pradesh,Dr. Sikander Kumar (2022-28) (2022-2028),,207863957.11,RS,Himachal Pradesh,Elected MP,SIKANDER KUMAR,RS_SIKANDER KUMAR
33,Uttar Pradesh,Dr. Sudhanshu Trivedi (2024-30) (2024-2030),,147000000.0,RS,Uttar Pradesh,Elected MP,SUDHANSHU TRIVEDI,RS_SUDHANSHU TRIVEDI
34,Karnataka,Dr. Syed Naseer Hussain (2024-30) (2024-2030),,147000000.0,RS,Karnataka,Elected MP,SYED NASEER HUSSAIN,RS_SYED NASEER HUSSAIN
35,Kerala,Dr. V. Sivadasan (2021-27) (2021-2027),,276720323.27,RS,Kerala,Elected MP,V SIVADASAN,RS_V SIVADASAN
36,Punjab,Dr. Vikramjit Singh Sahney (2022-28) (2022-2028),,198656208.57000002,RS,Punjab,Elected MP,VIKRAMJIT SINGH SAHNEY,RS_VIKRAMJIT SINGH SAHNEY
37,West Bengal,Ms. Dola Sen (2023-29) (2023-2029),,171500000.0,RS,West Bengal,Elected MP,DOLA SEN,RS_DOLA SEN
38,Delhi,Ms. Swati Maliwal (2024-30) (2024-2030),,147000000.0,RS,Delhi,Elected MP,SWATI MALIWAL,RS_SWATI MALIWAL
39,Bihar,Prof. Manoj Kumar Jha (2024-30) (2024-2030),,191620112.11,RS,Bihar,Elected MP,MANOJ KUMAR JHA,RS_MANOJ KUMAR JHA
40,Uttar Pradesh,Prof. Ram Gopal Yadav (2020-26) (2020-2026),,221271395.11,RS,Uttar Pradesh,Elected MP,RAM GOPAL YADAV,RS_RAM GOPAL YADAV
41,Kerala,Shri A. A. Rahim (2022-28) (2022-2028),,220563957.11,RS,Kerala,Elected MP,A A RAHIM,RS_A A RAHIM
42,Kerala,Shri Abdul Wahab (2021-27) (2021-2027),,310898953.29,RS,Kerala,Elected MP,ABDUL WAHAB,RS_ABDUL WAHAB
43,Jharkhand,Shri Aditya Prasad (2022-28) (2022-2028),,227628508.2,RS,Jharkhand,Elected MP,ADITYA PRASAD,RS_ADITYA PRASAD
44,Karnataka,Shri Ajay Makan (2024-30) (2024-2030),,147000000.0,RS,Karnataka,Elected MP,AJAY MAKAN,RS_AJAY MAKAN
45,Bihar,Shri Akhilesh Prasad Singh (2024-30) (2024-2030),,186200000.0,RS,Bihar,Elected MP,AKHILESH PRASAD SINGH,RS_AKHILESH PRASAD SINGH
46,Uttar Pradesh,Shri Amar Pal Maurya (2024-30) (2024-2030),,147000000.0,RS,Uttar Pradesh,Elected MP,AMAR PAL MAURYA,RS_AMAR PAL MAURYA
47,Telangana,Shri Anil Kumar Yadav Mandadi (2024-30) (2024-2030),,147000000.0,RS,Telangana,Elected MP,ANIL KUMAR YADAV MANDADI,RS_ANIL KUMAR YADAV MANDADI
48,Himachal Pradesh,Shri Anurag Sharma (2026-32) (2026-2032),,49000000.0,RS,Himachal Pradesh,Elected MP,ANURAG SHARMA,RS_ANURAG SHARMA
49,Uttar Pradesh,Shri Arun Singh (2020-26) (2020-2026),,223492764.11,RS,Uttar Pradesh,Elected MP,ARUN SINGH,RS_ARUN SINGH
50,Madhya Pradesh,Shri Ashok Singh (2024-30) (2024-2030),,147000000.0,RS,Madhya Pradesh,Elected MP,ASHOK SINGH,RS_ASHOK SINGH
51,Maharashtra,Shri Ashokrao Shankarrao Chavan (2024-30) (2024-2030),,147000000.0,RS,Maharashtra,Elected MP,ASHOKRAO SHANKARRAO CHAVAN,RS_ASHOKRAO SHANKARRAO CHAVAN
52,Odisha,Shri Ashwini Vaishnaw (2024-30) (2024-2030),,265563957.11,RS,Odisha,Elected MP,ASHWINI VAISHNAW,RS_ASHWINI VAISHNAW
53,Telangana,Shri B. Parthasaradhi Reddy (2022-28) (2022-2028),,244365104.0,RS,Telangana,Elected MP,B PARTHASARADHI REDDY,RS_B PARTHASARADHI REDDY
54,Uttar Pradesh,Shri B.L. Verma (2020-26) (2020-2026),,196063957.11,RS,Uttar Pradesh,Elected MP,B L VERMA,RS_B L VERMA
55,Gujarat,Shri Babubhai Jesangbhai Desai (2023-29) (2023-2029),,171500000.0,RS,Gujarat,Elected MP,BABUBHAI JESANGBHAI DESAI,RS_BABUBHAI JESANGBHAI DESAI
56,Uttar Pradesh,Shri Baburam Nishad (2022-28) (2022-2028),,196063957.11,RS,Uttar Pradesh,Elected MP,BABURAM NISHAD,RS_BABURAM NISHAD
57,Jharkhand,Shri Baidyanath Ram (2026-32) (2026-2032),,49000000.0,RS,Jharkhand,Elected MP,BAIDYANATH RAM,RS_BAIDYANATH RAM
58,Madhya Pradesh,Shri Balyogi Umeshnath (2024-30) (2024-2030),,147000000.0,RS,Madhya Pradesh,Elected MP,BALYOGI UMESHNATH,RS_BALYOGI UMESHNATH
59,Madhya Pradesh,Shri Banshilal Gurjar (2024-30) (2024-2030),,147000000.0,RS,Madhya Pradesh,Elected MP,BANSHILAL GURJAR,RS_BANSHILAL GURJAR
60,Andhra Pradesh,Shri Bhashyam Rama Krishna (2026-32) (2026-2032),,49000000.0,RS,Andhra Pradesh,Elected MP,BHASHYAM RAMA KRISHNA,RS_BHASHYAM RAMA KRISHNA
61,Assam,Shri Birendra Prasad Baishya (2025-31) (2025-2031),,98000000.0,RS,Assam,Elected MP,BIRENDRA PRASAD BAISHYA,RS_BIRENDRA PRASAD BAISHYA
62,Uttar Pradesh,Shri Brij Lal (2020-26) (2020-2026),,196063957.11,RS,Uttar Pradesh,Elected MP,BRIJ LAL,RS_BRIJ LAL
63,Kerala,Shri C. Sadanandan Master (2025-31) (2025-2031),,73500000.0,RS,Kerala,Nominated MP,C SADANANDAN MASTER,RS_C SADANANDAN MASTER
64,Maharashtra,Shri Chandrakant Damodar Handore (2024-30) (2024-2030),,147000000.0,RS,Maharashtra,Elected MP,CHANDRAKANT DAMODAR HANDORE,RS_CHANDRAKANT DAMODAR HANDORE
65,Jammu And Kashmir,Shri Chowdry Mohammad Ramzan (2025-31) (2025-2031),,73500000.0,RS,Jammu And Kashmir,Elected MP,CHOWDRY MOHAMMAD RAMZAN,RS_CHOWDRY MOHAMMAD RAMZAN
66,Tamil Nadu,Shri Christopher Manickam (2026-32) (2026-2032),,49356476.5,RS,Tamil Nadu,Elected MP,CHRISTOPHER MANICKAM,RS_CHRISTOPHER MANICKAM
67,Rajasthan,Shri Chunnilal Garasiya (2024-30) (2024-2030),,147000000.0,RS,Rajasthan,Elected MP,CHUNNILAL GARASIYA,RS_CHUNNILAL GARASIYA
68,Tamil Nadu,Shri Constandine Ravindran (2026-32) (2026-2032),,49356476.5,RS,Tamil Nadu,Elected MP,CONSTANDINE RAVINDRAN,RS_CONSTANDINE RAVINDRAN
69,Telangana,Shri Damodar Rao Divakonda (2022-28) (2022-2028),,239919406.11,RS,Telangana,Elected MP,DAMODAR RAO DIVAKONDA,RS_DAMODAR RAO DIVAKONDA
70,Odisha,Shri Debashish Samantaray (2026-30) (2026-2030),,23800006.0,RS,Odisha,Elected MP,DEBASHISH SAMANTARAY,RS_DEBASHISH SAMANTARAY
71,West Bengal,Shri Derek O' Brien (2023-29) (2023-2029),,171500000.0,RS,West Bengal,Elected MP,DEREK O BRIEN,RS_DEREK O BRIEN
72,Chhattisgarh,Shri Devendra Pratap Singh (2024-30) (2024-2030),,170837637.76,RS,Chhattisgarh,Elected MP,DEVENDRA PRATAP SINGH,RS_DEVENDRA PRATAP SINGH
73,Maharashtra,Shri Dhananjay Bhimrao Mahadik (2022-28) (2022-2028),,220383643.11,RS,Maharashtra,Elected MP,DHANANJAY BHIMRAO MAHADIK,RS_DHANANJAY BHIMRAO MAHADIK
74,Odisha,Shri Dilip Kumar Ray (2026-32) (2026-2032),,49000000.0,RS,Odisha,Elected MP,DILIP KUMAR RAY,RS_DILIP KUMAR RAY
75,Sikkim,Shri Dorjee Tshering Lepcha (2024-30) (2024-2030),,150170726.11,RS,Sikkim,Elected MP,DORJEE TSHERING LEPCHA,RS_DORJEE TSHERING LEPCHA
76,Karnataka,Shri G.C. Chandrashekhar (2024-30) (2024-2030),,147000000.0,RS,Karnataka,Elected MP,G C CHANDRASHEKHAR,RS_G C CHANDRASHEKHAR
77,Rajasthan,Shri Ghanshyam Tiwari (2022-28) (2022-2028),,196063957.11,RS,Rajasthan,Elected MP,GHANSHYAM TIWARI,RS_GHANSHYAM TIWARI
78,Andhra Pradesh,Shri Golla Baburao (2024-30) (2024-2030),,147000000.0,RS,Andhra Pradesh,Elected MP,GOLLA BABURAO,RS_GOLLA BABURAO
79,Gujarat,Shri Govindbhai Laljibhai Dholakia (2024-30) (2024-2030),,147000000.0,RS,Gujarat,Elected MP,GOVINDBHAI LALJIBHAI DHOLAKIA,RS_GOVINDBHAI LALJIBHAI DHOLAKIA
80,Jammu And Kashmir,Shri Gulam Ali (2022-28) (2022-2028),,196063957.11,RS,Jammu And Kashmir,Nominated MP,GULAM ALI,RS_GULAM ALI
81,Jammu And Kashmir,Shri Gurwinder Singh Oberoi (2025-31) (2025-2031),,73500000.0,RS,Jammu And Kashmir,Elected MP,GURWINDER SINGH OBEROI,RS_GURWINDER SINGH OBEROI
82,Punjab,Shri Harbhajan Singh (2022-28) (2022-2028),,220984094.27,RS,Punjab,Elected MP,HARBHAJAN SINGH,RS_HARBHAJAN SINGH
83,Uttar Pradesh,Shri Hardeep Singh Puri (2020-26) (2020-2026),,226801049.11,RS,Uttar Pradesh,Elected MP,HARDEEP SINGH PURI,RS_HARDEEP SINGH PURI
84,Kerala,Shri Haris Beeran (2024-30) (2024-2030),,122500000.0,RS,Kerala,Elected MP,HARIS BEERAN,RS_HARIS BEERAN
85,Himachal Pradesh,Shri Harsh Mahajan (2024-30) (2024-2030),,147000000.0,RS,Himachal Pradesh,Elected MP,HARSH MAHAJAN,RS_HARSH MAHAJAN
86,West Bengal,Shri Harsh Vardhan Shringla (2025-31) (2025-2031),,73500000.0,RS,West Bengal,Nominated MP,HARSH VARDHAN SHRINGLA,RS_HARSH VARDHAN SHRINGLA
87,Tamil Nadu,Shri I.S. Inbadurai (2025-31) (2025-2031),,89248285.42,RS,Tamil Nadu,Elected MP,I S INBADURAI,RS_I S INBADURAI
88,Tamil Nadu,Shri Ilaiyaraaja (2022-28) (2022-2028),,220563957.11,RS,Tamil Nadu,Nominated MP,ILAIYARAAJA,RS_ILAIYARAAJA
89,Maharashtra,Shri Imran Pratapgarhi (2022-28) (2022-2028),,196000000.0,RS,Maharashtra,Elected MP,IMRAN PRATAPGARHI,RS_IMRAN PRATAPGARHI
90,Gujarat,Shri Jagat Prakash Nadda (2024-30) (2024-2030),,147000000.0,RS,Gujarat,Elected MP,JAGAT PRAKASH NADDA,RS_JAGAT PRAKASH NADDA
91,Karnataka,Shri Jaggesh (2022-28) (2022-2028),,196063957.11,RS,Karnataka,Elected MP,JAGGESH,RS_JAGGESH
92,Karnataka,Shri Jairam Ramesh (2022-28) (2022-2028),,220563957.11,RS,Karnataka,Elected MP,JAIRAM RAMESH,RS_JAIRAM RAMESH
93,Meghalaya,Shri James Pangsang Kongkal Sangma (2026-32) (2026-2032),,49000000.0,RS,Meghalaya,Elected MP,JAMES PANGSANG KONGKAL SANGMA,RS_JAMES PANGSANG KONGKAL SANGMA
94,Uttar Pradesh,Shri Javed Ali Khan (2022-28) (2022-2028),,196063957.11,RS,Uttar Pradesh,Elected MP,JAVED ALI KHAN,RS_JAVED ALI KHAN
95,Uttar Pradesh,Shri Jayant Chaudhary (2022-28) (2022-2028),,214074707.67000002,RS,Uttar Pradesh,Elected MP,JAYANT CHAUDHARY,RS_JAYANT CHAUDHARY
96,Assam,Shri Jogen Mohan (2026-32) (2026-2032),,49000000.0,RS,Assam,Elected MP,JOGEN MOHAN,RS_JOGEN MOHAN
97,Kerala,Shri Jose K. Mani (2024-30) (2024-2030),,122500000.0,RS,Kerala,Elected MP,JOSE K MANI,RS_JOSE K MANI
98,Tamil Nadu,Shri K.R.N. Rajeshkumar (2022-28) (2022-2028),,238513975.53,RS,Tamil Nadu,Elected MP,K R N RAJESHKUMAR,RS_K R N RAJESHKUMAR
99,Tamil Nadu,Shri Kamal Haasan (2025-31) (2025-2031),,89248285.42,RS,Tamil Nadu,Elected MP,KAMAL HAASAN,RS_KAMAL HAASAN
100,Assam,Shri Kanad Purkayastha (2025-31) (2025-2031),,98000000.0,RS,Assam,Elected MP,KANAD PURKAYASTHA,RS_KANAD PURKAYASTHA
101,Uttar Pradesh,Shri Kapil Sibal (2022-28) (2022-2028),,196063957.11,RS,Uttar Pradesh,Elected MP,KAPIL SIBAL,RS_KAPIL SIBAL
102,Haryana,Shri Karamvir Singh Singh Boudh (2026-32) (2026-2032),,49000000.0,RS,Haryana,Elected MP,KARAMVIR SINGH SINGH BOUDH,RS_KARAMVIR SINGH SINGH BOUDH
103,Haryana,Shri Kartikeya Sharma (2022-28) (2022-2028),,196000000.0,RS,Haryana,Elected MP,KARTIKEYA SHARMA,RS_KARTIKEYA SHARMA
104,Gujarat,Shri Kesridevsinh Jhala (2023-29) (2023-2029),,171500000.0,RS,Gujarat,Elected MP,KESRIDEVSINH JHALA,RS_KESRIDEVSINH JHALA
105,Mizoram,Shri Khiangte Laltluangkima (2026-32) (2026-2032),,24500000.0,RS,Mizoram,Elected MP,KHIANGTE LALTLUANGKIMA,RS_KHIANGTE LALTLUANGKIMA
106,Bihar,Shri Khiru Mahto (2022-28) (2022-2028),,235770091.81,RS,Bihar,Elected MP,KHIRU MAHTO,RS_KHIRU MAHTO
107,Tamil Nadu,Shri L. K. Sudhish (2026-32) (2026-2032),,49356476.5,RS,Tamil Nadu,Elected MP,L K SUDHISH,RS_L K SUDHISH
108,Karnataka,Shri Lahar Singh Siroya (2022-28) (2022-2028),,206278088.11,RS,Karnataka,Elected MP,LAHAR SINGH SIROYA,RS_LAHAR SINGH SIROYA
109,Andhra Pradesh,Shri Lingamaneni Ramesh (2026-32) (2026-2032),,49000000.0,RS,Andhra Pradesh,Elected MP,LINGAMANENI RAMESH,RS_LINGAMANENI RAMESH
110,Karnataka,Shri M. Nagaraja (2026-32) (2026-2032),,49000000.0,RS,Karnataka,Elected MP,M NAGARAJA,RS_M NAGARAJA
111,Rajasthan,Shri Madan Rathore (2024-30) (2024-2030),,147000000.0,RS,Rajasthan,Elected MP,MADAN RATHORE,RS_MADAN RATHORE
112,Uttarakhand,Shri Mahendra Bhatt (2024-30) (2024-2030),,147000000.0,RS,Uttarakhand,Elected MP,MAHENDRA BHATT,RS_MAHENDRA BHATT
113,Madhya Pradesh,Shri Mahesh Kewat (2026-32) (2026-2032),,49000000.0,RS,Madhya Pradesh,Elected MP,MAHESH KEWAT,RS_MAHESH KEWAT
114,Karnataka,Shri Mallikarjun Kharge (2026-32) (2026-2032),,49063957.11,RS,Karnataka,Elected MP,MALLIKARJUN KHARGE,RS_MALLIKARJUN KHARGE
115,Bihar,Shri Manan Kumar Mishra (2024-28) (2024-2028),,235263957.11,RS,Bihar,Elected MP,MANAN KUMAR MISHRA,RS_MANAN KUMAR MISHRA
116,Odisha,Shri Manas Ranjan Mangaraj (2022-28) (2022-2028),,196063957.11,RS,Odisha,Elected MP,MANAS RANJAN MANGARAJ,RS_MANAS RANJAN MANGARAJ
117,Odisha,Shri Manmohan Samal (2026-32) (2026-2032),,49000000.0,RS,Odisha,Elected MP,MANMOHAN SAMAL,RS_MANMOHAN SAMAL
118,Karnataka,Shri Mansoor Ali Khan (2026-32) (2026-2032),,49000000.0,RS,Karnataka,Elected MP,MANSOOR ALI KHAN,RS_MANSOOR ALI KHAN
119,Andhra Pradesh,Shri Masthan Rao Yadav Beedha (2024-28) (2024-2028),,171296045.11,RS,Andhra Pradesh,Elected MP,MASTHAN RAO YADAV BEEDHA,RS_MASTHAN RAO YADAV BEEDHA
120,Gujarat,Shri Mayankkumar Nayak (2024-30) (2024-2030),,147000000.0,RS,Gujarat,Elected MP,MAYANKKUMAR NAYAK,RS_MAYANKKUMAR NAYAK
121,Andhra Pradesh,Shri Meda Raghunadha Reddy (2024-30) (2024-2030),,147000000.0,RS,Andhra Pradesh,Elected MP,MEDA RAGHUNADHA REDDY,RS_MEDA RAGHUNADHA REDDY
122,Maharashtra,Shri Milind Murli Deora (2024-30) (2024-2030),,147000000.0,RS,Maharashtra,Elected MP,MILIND MURLI DEORA,RS_MILIND MURLI DEORA
123,Uttar Pradesh,Shri Mithlesh Kumar (2022-28) (2022-2028),,196063957.11,RS,Uttar Pradesh,Elected MP,MITHLESH KUMAR,RS_MITHLESH KUMAR
124,West Bengal,Shri Mohammed Nadimul Haque (2024-30) (2024-2030),,147000000.0,RS,West Bengal,Elected MP,MOHAMMED NADIMUL HAQUE,RS_MOHAMMED NADIMUL HAQUE
125,Rajasthan,Shri Mukul Wasnik (2022-28) (2022-2028),,196063957.11,RS,Rajasthan,Elected MP,MUKUL WASNIK,RS_MUKUL WASNIK
126,West Bengal,Shri Nagendra Ray (2023-29) (2023-2029),,171500000.0,RS,West Bengal,Elected MP,NAGENDRA RAY,RS_NAGENDRA RAY
127,Delhi,Shri Narain Dass Gupta (2024-30) (2024-2030),,160837070.0,RS,Delhi,Elected MP,NARAIN DASS GUPTA,RS_NARAIN DASS GUPTA
128,Karnataka,Shri Narayanasa K. Bhandage (2024-30) (2024-2030),,147450000.0,RS,Karnataka,Elected MP,NARAYANASA K BHANDAGE,RS_NARAYANASA K BHANDAGE
129,Uttarakhand,Shri Naresh Bansal (2020-26) (2020-2026),,222043184.71,RS,Uttarakhand,Elected MP,NARESH BANSAL,RS_NARESH BANSAL
130,Uttar Pradesh,Shri Naveen Jain (2024-30) (2024-2030),,147000000.0,RS,Uttar Pradesh,Elected MP,NAVEEN JAIN,RS_NAVEEN JAIN
131,Rajasthan,Shri Neeraj Dangi (2026-32) (2026-2032),,49000000.0,RS,Rajasthan,Elected MP,NEERAJ DANGI,RS_NEERAJ DANGI
132,Uttar Pradesh,Shri Neeraj Shekhar (2020-26) (2020-2026),,236483662.11,RS,Uttar Pradesh,Elected MP,NEERAJ SHEKHAR,RS_NEERAJ SHEKHAR
133,Maharashtra,Shri Nitin Laxmanrao Jadhav Patil (2024-28) (2024-2028),,122500000.0,RS,Maharashtra,Elected MP,NITIN LAXMANRAO JADHAV PATIL,RS_NITIN LAXMANRAO JADHAV PATIL
134,Bihar,Shri Nitin Nabin (2026-32) (2026-2032),,49000000.0,RS,Bihar,Elected MP,NITIN NABIN,RS_NITIN NABIN
135,Tamil Nadu,Shri P. Chidambaram (2022-28) (2022-2028),,236312242.52,RS,Tamil Nadu,Elected MP,P CHIDAMBARAM,RS_P CHIDAMBARAM
136,Kerala,Shri P. P. Suneer (2024-30) (2024-2030),,122500000.0,RS,Kerala,Elected MP,P P SUNEER,RS_P P SUNEER
137,Tamil Nadu,Shri P. Wilson (2025-31) (2025-2031),,89248285.42,RS,Tamil Nadu,Elected MP,P WILSON,RS_P WILSON
138,Assam,Shri Pabitra Margherita (2022-28) (2022-2028),,220563957.11,RS,Assam,Elected MP,PABITRA MARGHERITA,RS_PABITRA MARGHERITA
139,Andhra Pradesh,Shri Paka Venkata Satyanarayana (2025-28) (2025-2028),,98000000.0,RS,Andhra Pradesh,Elected MP,PAKA VENKATA SATYANARAYANA,RS_PAKA VENKATA SATYANARAYANA
140,Maharashtra,Shri Parth Ajit Pawar (2026-32) (2026-2032),,49000000.0,RS,Maharashtra,Elected MP,PARTH AJIT PAWAR,RS_PARTH AJIT PAWAR
141,Karnataka,Shri Pawan Khera (2026-32) (2026-2032),,49000000.0,RS,Karnataka,Elected MP,PAWAN KHERA,RS_PAWAN KHERA
142,Jharkhand,Shri Pradip Kumar Varma (2024-30) (2024-2030),,178564551.09,RS,Jharkhand,Elected MP,PRADIP KUMAR VARMA,RS_PRADIP KUMAR VARMA
143,Maharashtra,Shri Praful Patel (2024-30) (2024-2030),,147000000.0,RS,Maharashtra,Elected MP,PRAFUL PATEL,RS_PRAFUL PATEL
144,West Bengal,Shri Prakash Chik Baraik (2026-29) (2026-2029),,49662892.0,RS,West Bengal,Elected MP,PRAKASH CHIK BARAIK,RS_PRAKASH CHIK BARAIK
145,Assam,Shri Pramod Boro (2026-32) (2026-2032),,49000000.0,RS,Assam,Elected MP,PRAMOD BORO,RS_PRAMOD BORO
146,Rajasthan,Shri Pramod Tiwari (2022-28) (2022-2028),,196063957.11,RS,Rajasthan,Elected MP,PRAMOD TIWARI,RS_PRAMOD TIWARI
147,Tamil Nadu,Shri Praveen Chakravarthy (2026-28) (2026-2028),,49356476.5,RS,Tamil Nadu,Elected MP,PRAVEEN CHAKRAVARTHY,RS_PRAVEEN CHAKRAVARTHY
148,Tamil Nadu,Shri R. Dharmar (2022-28) (2022-2028),,260812242.52,RS,Tamil Nadu,Elected MP,R DHARMAR,RS_R DHARMAR
149,Tamil Nadu,Shri R. Girirajan (2022-28) (2022-2028),,236312242.52,RS,Tamil Nadu,Elected MP,R GIRIRAJAN,RS_R GIRIRAJAN
150,Punjab,Shri Raghav Chadha (2022-28) (2022-2028),,237229207.25,RS,Punjab,Elected MP,RAGHAV CHADHA,RS_RAGHAV CHADHA
151,West Bengal,Shri Rajeev Kumar (2026-32) (2026-2032),,49000000.0,RS,West Bengal,Elected MP,RAJEEV KUMAR,RS_RAJEEV KUMAR
152,Chhattisgarh,Shri Rajeev Shukla (2022-28) (2022-2028),,271174394.23,RS,Chhattisgarh,Elected MP,RAJEEV SHUKLA,RS_RAJEEV SHUKLA
153,Gujarat,Shri Rajesh Parmanand Shukla (2026-32) (2026-2032),,49000000.0,RS,Gujarat,Elected MP,RAJESH PARMANAND SHUKLA,RS_RAJESH PARMANAND SHUKLA
154,Tripura,Shri Rajib Bhattacharjee (2024-28) (2024-2028),,122500000.0,RS,Tripura,Elected MP,RAJIB BHATTACHARJEE,RS_RAJIB BHATTACHARJEE
155,Punjab,Shri Rajinder Gupta (2025-28) (2025-2028),,49000000.0,RS,Punjab,Elected MP,RAJINDER GUPTA,RS_RAJINDER GUPTA
156,Madhya Pradesh,Shri Rajneesh Kumar Agrawal (2026-32) (2026-2032),,49000000.0,RS,Madhya Pradesh,Elected MP,RAJNEESH KUMAR AGRAWAL,RS_RAJNEESH KUMAR AGRAWAL
157,Bihar,Shri Ram Nath Thakur (2026-32) (2026-2032),,65673638.730000004,RS,Bihar,Elected MP,RAM NATH THAKUR,RS_RAM NATH THAKUR
158,Maharashtra,Shri Ramdas Bandu Athawale (2026-32) (2026-2032),,49000000.0,RS,Maharashtra,Elected MP,RAMDAS BANDU ATHAWALE,RS_RAMDAS BANDU ATHAWALE
159,Uttar Pradesh,Shri Ramji (2020-26) (2020-2026),,174518577.11,RS,Uttar Pradesh,Elected MP,RAMJI,RS_RAMJI
160,Uttar Pradesh,Shri Ramji Lal Suman (2024-30) (2024-2030),,147000000.0,RS,Uttar Pradesh,Elected MP,RAMJI LAL SUMAN,RS_RAMJI LAL SUMAN
161,Maharashtra,Shri Ramrao Sakharam Wadkute (2026-32) (2026-2032),,49000000.0,RS,Maharashtra,Elected MP,RAMRAO SAKHARAM WADKUTE,RS_RAMRAO SAKHARAM WADKUTE
162,Rajasthan,Shri Randeep Singh Surjewala (2022-28) (2022-2028),,196063957.11,RS,Rajasthan,Elected MP,RANDEEP SINGH SURJEWALA,RS_RANDEEP SINGH SURJEWALA
163,Uttar Pradesh,Shri Ratanjit Pratap Narain Singh (2024-30) (2024-2030),,147000000.0,RS,Uttar Pradesh,Elected MP,RATANJIT PRATAP NARAIN SINGH,RS_RATANJIT PRATAP NARAIN SINGH
164,Telangana,Shri Ravi Chandra Vaddiraju (2024-30) (2024-2030),,152732534.11,RS,Telangana,Elected MP,RAVI CHANDRA VADDIRAJU,RS_RAVI CHANDRA VADDIRAJU
165,Assam,Shri Rwngwra Narzary (2022-28) (2022-2028),,220563957.11,RS,Assam,Elected MP,RWNGWRA NARZARY,RS_RWNGWRA NARZARY
166,Andhra Pradesh,Shri Ryaga Krishnaiah (2024-28) (2024-2028),,170413583.79,RS,Andhra Pradesh,Elected MP,RYAGA KRISHNAIAH,RS_RYAGA KRISHNAIAH
167,Andhra Pradesh,Shri S Niranjan Reddy (2022-28) (2022-2028),,224621383.11,RS,Andhra Pradesh,Elected MP,S NIRANJAN REDDY,RS_S NIRANJAN REDDY
168,Gujarat,Shri S. Jaishankar (2023-29) (2023-2029),,171500000.0,RS,Gujarat,Elected MP,S JAISHANKAR,RS_S JAISHANKAR
169,Tamil Nadu,Shri S. Kalyanasundaram (2022-28) (2022-2028),,239763792.52,RS,Tamil Nadu,Elected MP,S KALYANASUNDARAM,RS_S KALYANASUNDARAM
170,Puducherry,Shri S. Selvaganabathy (2021-27) (2021-2027),,292881856.49,RS,Puducherry,Elected MP,S SELVAGANABATHY,RS_S SELVAGANABATHY
171,Tamil Nadu,Shri S.R. Sivalingam (2025-31) (2025-2031),,89248285.42,RS,Tamil Nadu,Elected MP,S R SIVALINGAM,RS_S R SIVALINGAM
172,Goa,Shri Sadanand Mhalu Shet Tanavade (2023-29) (2023-2029),,171500000.0,RS,Goa,Elected MP,SADANAND MHALU SHET TANAVADE,RS_SADANAND MHALU SHET TANAVADE
173,Jammu And Kashmir,Shri Sajjad Ahmad Kichloo (2025-31) (2025-2031),,73500000.0,RS,Jammu And Kashmir,Elected MP,SAJJAD AHMAD KICHLOO,RS_SAJJAD AHMAD KICHLOO
174,West Bengal,Shri Samik Bhattacharya (2024-30) (2024-2030),,147000000.0,RS,West Bengal,Elected MP,SAMIK BHATTACHARYA,RS_SAMIK BHATTACHARYA
175,West Bengal,Shri Samirul Islam (2023-29) (2023-2029),,171500000.0,RS,West Bengal,Elected MP,SAMIRUL ISLAM,RS_SAMIRUL ISLAM
176,Andhra Pradesh,Shri Sana Sathish Babu (2026-32) (2026-2032),,49063978.0,RS,Andhra Pradesh,Elected MP,SANA SATHISH BABU,RS_SANA SATHISH BABU
177,Kerala,Shri Sandosh Kumar P (2022-28) (2022-2028),,220563957.11,RS,Kerala,Elected MP,SANDOSH KUMAR P,RS_SANDOSH KUMAR P
178,Haryana,Shri Sanjay Bhatia (2026-32) (2026-2032),,49000000.0,RS,Haryana,Elected MP,SANJAY BHATIA,RS_SANJAY BHATIA
179,Bihar,Shri Sanjay Kumar Jha (2024-30) (2024-2030),,186200000.0,RS,Bihar,Elected MP,SANJAY KUMAR JHA,RS_SANJAY KUMAR JHA
180,Maharashtra,Shri Sanjay Raut (2022-28) (2022-2028),,196063957.11,RS,Maharashtra,Elected MP,SANJAY RAUT,RS_SANJAY RAUT
181,Uttar Pradesh,Shri Sanjay Seth (2024-30) (2024-2030),,147000000.0,RS,Uttar Pradesh,Elected MP,SANJAY SETH,RS_SANJAY SETH
182,Delhi,Shri Sanjay Singh (2024-30) (2024-2030),,184466426.11,RS,Delhi,Elected MP,SANJAY SINGH,RS_SANJAY SINGH
183,Bihar,Shri Sanjay Yadav (2024-30) (2024-2030),,186200000.0,RS,Bihar,Elected MP,SANJAY YADAV,RS_SANJAY YADAV
184,Punjab,Shri Sant Balbir Singh (2022-28) (2022-2028),,196359074.44000003,RS,Punjab,Elected MP,SANT BALBIR SINGH,RS_SANT BALBIR SINGH
185,Jammu And Kashmir,Shri Sat Paul Sharma (2025-31) (2025-2031),,73500000.0,RS,Jammu And Kashmir,Elected MP,SAT PAUL SHARMA,RS_SAT PAUL SHARMA
186,Bihar,Shri Satish Chandra Dubey (2022-28) (2022-2028),,235263957.11,RS,Bihar,Elected MP,SATISH CHANDRA DUBEY,RS_SATISH CHANDRA DUBEY
187,Chandigarh,Shri Satnam Singh Sandhu (2024-30) (2024-2030),,147000000.0,RS,Chandigarh,Nominated MP,SATNAM SINGH SANDHU,RS_SATNAM SINGH SANDHU
188,Bihar,Shri Shambhu Sharan Patel (2022-28) (2022-2028),,237168443.49,RS,Bihar,Elected MP,SHAMBHU SHARAN PATEL,RS_SHAMBHU SHARAN PATEL
189,Bihar,Shri Shivesh Kumar (2026-32) (2026-2032),,49000000.0,RS,Bihar,Elected MP,SHIVESH KUMAR,RS_SHIVESH KUMAR
190,Haryana,Shri Subhash Barala (2024-30) (2024-2030),,147000000.0,RS,Haryana,Elected MP,SUBHASH BARALA,RS_SUBHASH BARALA
191,Odisha,Shri Subhasish Khuntia (2024-30) (2024-2030),,147000000.0,RS,Odisha,Elected MP,SUBHASISH KHUNTIA,RS_SUBHASISH KHUNTIA
192,Odisha,Shri Sujeet Kumar (2026-32) (2026-2032),,49000000.0,RS,Odisha,Elected MP,SUJEET KUMAR,RS_SUJEET KUMAR
193,Uttar Pradesh,Shri Surendra Singh Nagar (2022-28) (2022-2028),,220563957.11,RS,Uttar Pradesh,Elected MP,SURENDRA SINGH NAGAR,RS_SURENDRA SINGH NAGAR
194,Arunachal Pradesh,Shri Tai Tagak (2026-32) (2026-2032),,49000000.0,RS,Arunachal Pradesh,Elected MP,TAI TAGAK,RS_TAI TAGAK
195,Madhya Pradesh,Shri Tarun Chugh (2026-32) (2026-2032),,49000000.0,RS,Madhya Pradesh,Elected MP,TARUN CHUGH,RS_TARUN CHUGH
196,Uttar Pradesh,Shri Tejveer Singh (2024-30) (2024-2030),,147000000.0,RS,Uttar Pradesh,Elected MP,TEJVEER SINGH,RS_TEJVEER SINGH
197,Assam,Shri Terash Gowalla (2026-32) (2026-2032),,49000000.0,RS,Assam,Elected MP,TERASH GOWALLA,RS_TERASH GOWALLA
198,Tamil Nadu,Shri Tiruchi Siva (2026-32) (2026-2032),,49356476.5,RS,Tamil Nadu,Elected MP,TIRUCHI SIVA,RS_TIRUCHI SIVA
199,Maharashtra,Shri Ujjwal Deorao Nikam (2025-31) (2025-2031),,73500000.0,RS,Maharashtra,Nominated MP,UJJWAL DEORAO NIKAM,RS_UJJWAL DEORAO NIKAM
200,Bihar,Shri Upendra Kushwaha (2026-32) (2026-2032),,49000000.0,RS,Bihar,Elected MP,UPENDRA KUSHWAHA,RS_UPENDRA KUSHWAHA
201,Andhra Pradesh,Shri V. Vijayendra Prasad (2022-28) (2022-2028),,196063957.11,RS,Andhra Pradesh,Nominated MP,V VIJAYENDRA PRASAD,RS_V VIJAYENDRA PRASAD
202,Andhra Pradesh,Shri Vijay Chintakayala (2026-32) (2026-2032),,49000000.0,RS,Andhra Pradesh,Elected MP,VIJAY CHINTAKAYALA,RS_VIJAY CHINTAKAYALA
203,Maharashtra,Shri Vinod Shridhar Tawde (2026-32) (2026-2032),,49000000.0,RS,Maharashtra,Elected MP,VINOD SHRIDHAR TAWDE,RS_VINOD SHRIDHAR TAWDE
204,Madhya Pradesh,Shri Vivek K. Tankha (2022-28) (2022-2028),,220563957.11,RS,Madhya Pradesh,Elected MP,VIVEK K TANKHA,RS_VIVEK K TANKHA
205,Andhra Pradesh,Shri Yerram Venkata Subba Reddy (2024-30) (2024-2030),,147000000.0,RS,Andhra Pradesh,Elected MP,YERRAM VENKATA SUBBA REDDY,RS_YERRAM VENKATA SUBBA REDDY
206,Manipur,Smt. Adhikarimayum Sharda Devi (2026-32) (2026-2032),,49000000.0,RS,Manipur,Elected MP,ADHIKARIMAYUM SHARDA DEVI,RS_ADHIKARIMAYUM SHARDA DEVI
207,Uttar Pradesh,Smt. Darshana Singh (2022-28) (2022-2028),,196994373.87,RS,Uttar Pradesh,Elected MP,DARSHANA SINGH,RS_DARSHANA SINGH
208,Uttar Pradesh,Smt. Geeta alias Chandraprabha (2020-26) (2020-2026),,196063957.11,RS,Uttar Pradesh,Elected MP,GEETA ALIAS CHANDRAPRABHA,RS_GEETA ALIAS CHANDRAPRABHA
209,Uttar Pradesh,Smt. Jaya Amitabh Bachchan (2024-30) (2024-2030),,147000000.0,RS,Uttar Pradesh,Elected MP,JAYA AMITABH BACHCHAN,RS_JAYA AMITABH BACHCHAN
210,Kerala,Smt. Jebi Mather Hisham (2022-28) (2022-2028),,220563957.11,RS,Kerala,Elected MP,JEBI MATHER HISHAM,RS_JEBI MATHER HISHAM
211,Chhattisgarh,Smt. Laxmi Verma (2026-32) (2026-2032),,49000000.0,RS,Chhattisgarh,Elected MP,LAXMI VERMA,RS_LAXMI VERMA
212,Jharkhand,Smt. Mahua Maji (2022-28) (2022-2028),,232524001.2,RS,Jharkhand,Elected MP,MAHUA MAJI,RS_MAHUA MAJI
213,West Bengal,Smt. Mamata Thakur (2024-30) (2024-2030),,147000000.0,RS,West Bengal,Elected MP,MAMATA THAKUR,RS_MAMATA THAKUR
214,Maharashtra,Smt. Maya Chintaman Ivnate (2026-32) (2026-2032),,49000000.0,RS,Maharashtra,Elected MP,MAYA CHINTAMAN IVNATE,RS_MAYA CHINTAMAN IVNATE
215,Madhya Pradesh,Smt. Maya Naroliya (2024-30) (2024-2030),,147000000.0,RS,Madhya Pradesh,Elected MP,MAYA NAROLIYA,RS_MAYA NAROLIYA
216,Karnataka,Smt. Nirmala Sitharaman (2022-28) (2022-2028),,215972051.45,RS,Karnataka,Elected MP,NIRMALA SITHARAMAN,RS_NIRMALA SITHARAMAN
217,Kerala,Smt. P. T. Usha (2022-28) (2022-2028),,196063957.11,RS,Kerala,Nominated MP,P T USHA,RS_P T USHA
218,Chhattisgarh,Smt. Phulo Devi Netam (2026-32) (2026-2032),,49000000.0,RS,Chhattisgarh,Elected MP,PHULO DEVI NETAM,RS_PHULO DEVI NETAM
219,Tamil Nadu,Smt. Rajathi (2025-31) (2025-2031),,89248285.42,RS,Tamil Nadu,Elected MP,RAJATHI,RS_RAJATHI
220,Chhattisgarh,Smt. Ranjeet Ranjan (2022-28) (2022-2028),,246780257.87,RS,Chhattisgarh,Elected MP,RANJEET RANJAN,RS_RANJEET RANJAN
221,Haryana,Smt. Rekha Sharma (2024-28) (2024-2028),,98000000.0,RS,Haryana,Elected MP,REKHA SHARMA,RS_REKHA SHARMA
222,Telangana,Smt. Renuka Chowdhury (2024-30) (2024-2030),,147000000.0,RS,Telangana,Elected MP,RENUKA CHOWDHURY,RS_RENUKA CHOWDHURY
223,Nagaland,Smt. S. Phangnon Konyak (2022-28) (2022-2028),,206563957.11,RS,Nagaland,Elected MP,S PHANGNON KONYAK,RS_S PHANGNON KONYAK
224,Uttar Pradesh,Smt. Sadhna Singh (2024-30) (2024-2030),,147000000.0,RS,Uttar Pradesh,Elected MP,SADHNA SINGH,RS_SADHNA SINGH
225,West Bengal,Smt. Sagarika Ghose (2024-30) (2024-2030),,147000000.0,RS,West Bengal,Elected MP,SAGARIKA GHOSE,RS_SAGARIKA GHOSE
226,Uttar Pradesh,Smt. Sangeeta Yadav (2022-28) (2022-2028),,196063957.11,RS,Uttar Pradesh,Elected MP,SANGEETA YADAV,RS_SANGEETA YADAV
227,Uttar Pradesh,Smt. Seema Dwivedi (2020-26) (2020-2026),,173830159.11,RS,Uttar Pradesh,Elected MP,SEEMA DWIVEDI,RS_SEEMA DWIVEDI
228,Rajasthan,Smt. Sonia Gandhi (2024-30) (2024-2030),,147000000.0,RS,Rajasthan,Elected MP,SONIA GANDHI,RS_SONIA GANDHI
229,Karnataka,Smt. Sudha Murty (2024-30) (2024-2030),,147000000.0,RS,Karnataka,Nominated MP,SUDHA MURTY,RS_SUDHA MURTY
230,Odisha,Smt. Sulata Deo (2022-28) (2022-2028),,196084721.4,RS,Odisha,Elected MP,SULATA DEO,RS_SULATA DEO
231,Madhya Pradesh,Smt. Sumitra Balmik (2022-28) (2022-2028),,196063957.11,RS,Madhya Pradesh,Elected MP,SUMITRA BALMIK,RS_SUMITRA BALMIK
